"DIRECTORIO","K_02","K_03","Depmuni","ESTRATO","grupo","D_01","D_02","D_08","D2_01","D2_05","D2_06","D2_07","SEXO","EDAD","PARENTESCO"
3443,3,2,11001,9,11,1,2,4,9,5,1,2,2,9,8
3443,3,2,11001,9,11,1,2,4,9,5,1,2,1,32,1
3443,3,2,11001,9,11,1,2,4,9,5,1,2,1,6,8
3443,3,2,11001,9,11,1,2,4,9,5,1,2,2,23,2
3661,3,2,11001,4,11,1,1,5,9,8,1,1,1,41,3
3661,3,2,11001,4,11,1,1,5,9,8,1,1,1,42,3
3661,3,2,11001,4,11,1,1,5,9,8,1,1,2,66,2
3661,3,2,11001,4,11,1,1,5,9,8,1,1,1,70,1
3665,2,1,11001,2,11,1,1,5,9,7,1,1,2,36,1
3665,2,1,11001,2,11,1,1,5,9,7,1,1,2,66,6
3665,2,1,11001,2,11,1,1,5,9,7,1,1,1,11,3
3665,2,1,11001,2,11,1,1,5,9,7,1,1,1,20,3
4529,3,2,11001,3,11,1,1,5,9,8,1,2,2,40,1
4885,2,1,11001,4,11,2,3,3,9,5,1,2,2,48,1
4885,2,1,11001,4,11,2,3,3,9,5,1,2,2,25,3
4885,2,1,11001,4,11,2,3,3,9,5,1,2,2,19,3
4885,2,1,11001,4,11,2,3,3,9,5,1,2,2,38,9
4885,2,1,11001,4,11,2,3,3,9,5,1,2,1,52,2
4935,3,2,11001,3,11,1,1,5,9,6,1,2,2,20,3
4935,3,2,11001,3,11,1,1,5,9,6,1,2,2,56,1
5132,3,2,11001,3,11,1,1,4,9,8,1,2,2,66,6
5132,3,2,11001,3,11,1,1,4,9,8,1,2,1,12,3
5132,3,2,11001,3,11,1,1,4,9,8,1,2,2,40,1
5132,3,2,11001,3,11,1,1,4,9,8,1,2,1,10,3
5138,3,2,11001,2,11,1,1,5,1,3,1,1,1,52,1
5212,3,2,11001,3,11,1,1,4,9,8,1,2,1,69,1
5212,3,2,11001,3,11,1,1,4,9,8,1,2,2,41,3
5212,3,2,11001,3,11,1,1,4,9,8,1,2,2,69,2
5242,3,2,11001,9,11,2,3,4,9,7,1,1,1,20,3
5242,3,2,11001,9,11,2,3,4,9,7,1,1,1,69,1
5242,3,2,11001,9,11,2,3,4,9,7,1,1,1,11,3
5242,3,2,11001,9,11,2,3,4,9,7,1,1,2,41,2
5523,3,1,11001,2,11,2,3,4,9,5,1,1,1,18,3
5523,3,1,11001,2,11,2,3,4,9,5,1,1,1,3,5
5523,3,1,11001,2,11,2,3,4,9,5,1,1,1,39,2
5523,3,1,11001,2,11,2,3,4,9,5,1,1,2,39,1
5523,3,1,11001,2,11,2,3,4,9,5,1,1,2,20,3
5523,3,1,11001,2,11,2,3,4,9,5,1,1,1,21,3
5931,3,1,11001,3,11,1,1,5,9,6,3,1,1,31,1
6204,3,2,11001,2,11,1,1,4,9,6,1,1,1,19,5
6204,3,2,11001,2,11,1,1,4,9,6,1,1,1,48,4
6204,3,2,11001,2,11,1,1,4,9,6,1,1,2,53,3
6204,3,2,11001,2,11,1,1,4,9,6,1,1,2,22,5
6204,3,2,11001,2,11,1,1,4,9,6,1,1,1,95,1
6204,3,2,11001,2,11,1,1,4,9,6,1,1,1,50,3
6204,3,2,11001,2,11,1,1,4,9,6,1,1,2,78,2
6204,3,2,11001,2,11,1,1,4,9,6,1,1,2,47,3
6204,3,2,11001,2,11,1,1,4,9,6,1,1,2,51,3
6717,3,2,11001,2,11,1,1,3,9,4,1,2,2,5,3
6717,3,2,11001,2,11,1,1,3,9,4,1,2,2,27,1
6717,3,2,11001,2,11,1,1,3,9,4,1,2,1,0,3
6717,3,2,11001,2,11,1,1,3,9,4,1,2,1,2,3
6726,3,1,11001,3,11,1,1,4,9,7,1,1,2,64,2
6726,3,1,11001,3,11,1,1,4,9,7,1,1,1,64,1
6726,3,1,11001,3,11,1,1,4,9,7,1,1,1,38,3
6886,3,2,11001,2,11,1,2,4,9,4,1,1,2,44,1
6886,3,2,11001,2,11,1,2,4,9,4,1,1,2,1,3
6886,3,2,11001,2,11,1,2,4,9,4,1,1,1,54,7
6886,3,2,11001,2,11,1,2,4,9,4,1,1,1,52,2
6886,3,2,11001,2,11,1,2,4,9,4,1,1,2,79,6
6886,3,2,11001,2,11,1,2,4,9,4,1,1,2,17,3
6886,3,2,11001,2,11,1,2,4,9,4,1,1,1,62,7
6886,3,2,11001,2,11,1,2,4,9,4,1,1,1,25,3
6911,3,2,11001,2,11,2,4,2,9,4,1,2,2,65,1
6911,3,2,11001,2,11,2,4,2,9,4,1,2,2,37,3
6929,3,2,11001,3,11,1,1,3,9,5,1,1,1,21,3
6929,3,2,11001,3,11,1,1,3,9,5,1,1,2,41,1
6929,3,2,11001,3,11,1,1,3,9,5,1,1,1,10,3
6929,3,2,11001,3,11,1,1,3,9,5,1,1,1,20,3
6929,3,2,11001,3,11,1,1,3,9,5,1,1,2,16,3
6931,3,2,11001,2,11,1,1,3,9,5,1,2,2,10,3
6931,3,2,11001,2,11,1,1,3,9,5,1,2,2,10,3
6931,3,2,11001,2,11,1,1,3,9,5,1,2,1,36,1
6931,3,2,11001,2,11,1,1,3,9,5,1,2,1,15,3
6931,3,2,11001,2,11,1,1,3,9,5,1,2,1,6,3
6931,3,2,11001,2,11,1,1,3,9,5,1,2,2,34,2
7010,3,2,11001,3,11,2,3,3,9,5,1,1,1,71,1
7010,3,2,11001,3,11,2,3,3,9,5,1,1,1,18,5
7010,3,2,11001,3,11,2,3,3,9,5,1,1,1,18,5
7061,3,2,11001,3,11,1,1,4,9,5,1,1,1,58,2
7061,3,2,11001,3,11,1,1,4,9,5,1,1,1,31,3
7061,3,2,11001,3,11,1,1,4,9,5,1,1,1,37,3
7061,3,2,11001,3,11,1,1,4,9,5,1,1,2,60,1
7078,3,2,11001,2,11,2,4,3,9,6,1,2,1,48,1
7078,3,2,11001,2,11,2,4,3,9,6,1,2,2,49,2
7078,3,2,11001,2,11,2,4,3,9,6,1,2,1,25,3
7078,3,2,11001,2,11,2,4,3,9,6,1,2,1,1,5
7078,3,2,11001,2,11,2,4,3,9,6,1,2,2,21,3
7169,3,2,11001,3,11,2,4,4,9,4,1,2,1,3,3
7169,3,2,11001,3,11,2,4,4,9,4,1,2,2,25,2
7169,3,2,11001,3,11,2,4,4,9,4,1,2,1,25,1
7544,3,1,11001,2,11,2,7,4,9,4,1,1,1,7,5
7544,3,1,11001,2,11,2,7,4,9,4,1,1,1,63,1
7544,3,1,11001,2,11,2,7,4,9,4,1,1,1,19,3
7544,3,1,11001,2,11,2,7,4,9,4,1,1,2,27,3
7544,3,1,11001,2,11,2,7,4,9,4,1,1,2,46,2
7544,3,1,11001,2,11,2,7,4,9,4,1,1,1,19,3
7558,3,2,11001,3,11,2,4,4,9,6,1,2,2,75,1
7558,3,2,11001,3,11,2,4,4,9,6,1,2,2,27,5
7558,3,2,11001,3,11,2,4,4,9,6,1,2,1,25,5
7558,3,2,11001,3,11,2,4,4,9,6,1,2,1,3,5
7559,3,1,11001,2,11,1,1,4,9,6,1,1,1,36,1
7559,3,1,11001,2,11,1,1,4,9,6,1,1,2,36,2
7559,3,1,11001,2,11,1,1,4,9,6,1,1,2,19,3
7737,3,2,11001,2,11,1,1,5,5,5,1,1,2,57,1
7737,3,2,11001,2,11,1,1,5,5,5,1,1,1,27,3
7737,3,2,11001,2,11,1,1,5,5,5,1,1,1,23,3
7737,3,2,11001,2,11,1,1,5,5,5,1,1,1,5,5
7737,3,2,11001,2,11,1,1,5,5,5,1,1,2,5,5
7763,3,2,11001,3,11,2,4,3,9,5,1,2,2,52,1
7773,3,2,11001,2,11,1,1,4,9,5,1,1,1,29,1
7834,3,1,11001,2,11,1,2,3,1,3,1,1,1,27,1
7909,3,1,11001,3,11,1,1,4,9,8,1,2,2,36,1
8075,3,2,11001,3,11,1,1,4,9,7,1,2,2,3,3
8075,3,2,11001,3,11,1,1,4,9,7,1,2,2,34,1
11358,3,2,11001,2,11,2,4,3,9,4,1,2,1,66,1
11358,3,2,11001,2,11,2,4,3,9,4,1,2,2,20,3
11358,3,2,11001,2,11,2,4,3,9,4,1,2,2,19,3
11358,3,2,11001,2,11,2,4,3,9,4,1,2,2,48,2
11358,3,2,11001,2,11,2,4,3,9,4,1,2,1,13,3
11358,3,2,11001,2,11,2,4,3,9,4,1,2,1,24,3
11399,2,1,11001,3,11,1,1,4,1,5,2,1,1,24,7
11399,2,1,11001,3,11,1,1,4,1,5,2,1,1,34,1
11399,2,1,11001,3,11,1,1,4,1,5,2,1,1,8,3
11399,2,1,11001,3,11,1,1,4,1,5,2,1,2,30,2
11444,3,2,11001,3,11,1,1,4,9,7,1,1,2,69,2
11444,3,2,11001,3,11,1,1,4,9,7,1,1,1,68,1
11444,3,2,11001,3,11,1,1,4,9,7,1,1,1,38,3
11639,3,2,11001,3,11,2,3,4,9,8,1,1,1,15,3
11639,3,2,11001,3,11,2,3,4,9,8,1,1,1,24,3
11639,3,2,11001,3,11,2,3,4,9,8,1,1,2,46,2
11639,3,2,11001,3,11,2,3,4,9,8,1,1,1,46,1
11658,3,1,11001,3,11,2,3,4,9,7,1,1,1,27,8
11658,3,1,11001,3,11,2,3,4,9,7,1,1,2,53,7
11658,3,1,11001,3,11,2,3,4,9,7,1,1,1,73,2
11658,3,1,11001,3,11,2,3,4,9,7,1,1,1,23,3
11658,3,1,11001,3,11,2,3,4,9,7,1,1,1,23,8
11658,3,1,11001,3,11,2,3,4,9,7,1,1,2,45,1
11689,2,1,11001,3,11,1,1,4,9,6,1,1,1,20,1
11692,1,1,11001,2,11,1,1,4,9,5,1,1,2,6,3
11692,1,1,11001,2,11,1,1,4,9,5,1,1,1,33,1
11692,1,1,11001,2,11,1,1,4,9,5,1,1,2,29,2
11692,1,1,11001,2,11,1,1,4,9,5,1,1,2,11,3
11706,3,1,11001,2,11,1,1,4,9,6,1,1,2,19,3
11706,3,1,11001,2,11,1,1,4,9,6,1,1,2,53,1
11706,3,1,11001,2,11,1,1,4,9,6,1,1,1,24,3
11706,3,1,11001,2,11,1,1,4,9,6,1,1,1,22,3
11706,3,1,11001,2,11,1,1,4,9,6,1,1,1,25,3
11706,3,1,11001,2,11,1,1,4,9,6,1,1,1,32,3
11785,1,1,11001,2,11,1,1,4,9,5,1,1,2,23,4
11785,1,1,11001,2,11,1,1,4,9,5,1,1,1,25,3
11785,1,1,11001,2,11,1,1,4,9,5,1,1,1,20,3
11785,1,1,11001,2,11,1,1,4,9,5,1,1,2,49,2
11785,1,1,11001,2,11,1,1,4,9,5,1,1,1,54,1
11785,1,1,11001,2,11,1,1,4,9,5,1,1,1,1,5
11809,3,2,11001,2,11,1,1,5,9,4,1,1,2,24,2
11809,3,2,11001,2,11,1,1,5,9,4,1,1,2,2,3
11809,3,2,11001,2,11,1,1,5,9,4,1,1,1,27,1
11886,3,2,11001,4,11,1,1,4,9,8,1,1,2,37,1
11886,3,2,11001,4,11,1,1,4,9,8,1,1,1,3,3
11886,3,2,11001,4,11,1,1,4,9,8,1,1,1,5,3
11886,3,2,11001,4,11,1,1,4,9,8,1,1,1,37,2
11893,3,2,11001,3,11,1,1,5,9,7,1,2,2,37,1
11956,3,2,11001,3,11,1,3,4,9,5,1,2,2,2,8
11956,3,2,11001,3,11,1,3,4,9,5,1,2,2,18,8
11956,3,2,11001,3,11,1,3,4,9,5,1,2,1,25,8
11956,3,2,11001,3,11,1,3,4,9,5,1,2,1,39,1
12098,3,1,11001,3,11,1,1,4,9,5,1,1,2,25,2
12098,3,1,11001,3,11,1,1,4,9,5,1,1,2,0,3
12098,3,1,11001,3,11,1,1,4,9,5,1,1,1,34,1
12138,3,2,11001,2,11,1,2,3,9,4,1,1,1,33,1
12138,3,2,11001,2,11,1,2,3,9,4,1,1,2,23,2
12404,3,2,11001,2,11,1,1,4,5,5,1,1,1,16,3
12404,3,2,11001,2,11,1,1,4,5,5,1,1,2,41,1
12404,3,2,11001,2,11,1,1,4,5,5,1,1,2,14,3
12404,3,2,11001,2,11,1,1,4,5,5,1,1,2,3,3
12404,3,2,11001,2,11,1,1,4,5,5,1,1,1,23,3
12435,3,1,11001,4,11,1,1,4,9,7,1,1,1,43,3
12435,3,1,11001,4,11,1,1,4,9,7,1,1,1,74,1
12435,3,1,11001,4,11,1,1,4,9,7,1,1,2,72,2
12451,3,2,11001,4,11,2,4,4,9,7,1,1,1,65,3
12451,3,2,11001,4,11,2,4,4,9,7,1,1,2,90,1
12459,3,2,11001,3,11,1,1,1,9,8,1,1,1,29,7
12459,3,2,11001,3,11,1,1,1,9,8,1,1,1,30,2
12459,3,2,11001,3,11,1,1,1,9,8,1,1,2,27,1
12461,2,1,11001,4,11,2,3,5,9,6,1,2,2,79,6
12461,2,1,11001,4,11,2,3,5,9,6,1,2,2,10,8
12461,2,1,11001,4,11,2,3,5,9,6,1,2,2,23,3
12461,2,1,11001,4,11,2,3,5,9,6,1,2,2,40,1
12461,2,1,11001,4,11,2,3,5,9,6,1,2,1,40,2
12493,3,2,11001,3,11,1,1,4,9,6,1,2,2,36,2
12493,3,2,11001,3,11,1,1,4,9,6,1,2,1,35,1
12595,3,2,11001,2,11,1,1,4,9,5,1,1,1,41,2
12595,3,2,11001,2,11,1,1,4,9,5,1,1,2,47,1
12877,3,2,11001,3,11,1,1,5,9,5,1,1,2,57,1
12877,3,2,11001,3,11,1,1,5,9,5,1,1,1,30,4
12877,3,2,11001,3,11,1,1,5,9,5,1,1,1,5,5
12877,3,2,11001,3,11,1,1,5,9,5,1,1,1,9,5
12877,3,2,11001,3,11,1,1,5,9,5,1,1,2,27,3
12877,3,2,11001,3,11,1,1,5,9,5,1,1,1,33,3
12979,3,2,11001,2,11,1,1,4,9,6,1,1,1,53,1
13081,3,2,11001,2,11,2,4,4,9,5,1,1,1,25,3
13081,3,2,11001,2,11,2,4,4,9,5,1,1,1,65,1
13142,3,2,11001,2,11,1,1,4,9,4,1,2,2,33,1
13407,3,1,11001,2,11,1,1,4,9,6,1,1,1,70,1
13407,3,1,11001,2,11,1,1,4,9,6,1,1,1,38,3
13428,3,1,11001,3,11,1,1,4,9,5,1,2,1,29,1
13428,3,1,11001,3,11,1,1,4,9,5,1,2,2,29,2
13730,3,2,11001,2,11,1,1,3,9,5,1,1,1,56,1
13856,3,2,11001,3,11,1,1,4,9,7,1,2,2,24,3
13856,3,2,11001,3,11,1,1,4,9,7,1,2,1,52,1
13856,3,2,11001,3,11,1,1,4,9,7,1,2,2,21,3
13856,3,2,11001,3,11,1,1,4,9,7,1,2,2,53,2
13860,3,2,11001,3,11,1,1,4,9,7,1,1,1,44,1
13873,3,2,11001,2,11,1,1,5,9,6,1,2,1,42,1
13873,3,2,11001,2,11,1,1,5,9,6,1,2,2,37,2
13873,3,2,11001,2,11,1,1,5,9,6,1,2,2,14,3
14007,3,1,11001,3,11,1,1,4,9,5,1,1,2,27,2
14007,3,1,11001,3,11,1,1,4,9,5,1,1,1,2,3
14007,3,1,11001,3,11,1,1,4,9,5,1,1,2,5,3
14007,3,1,11001,3,11,1,1,4,9,5,1,1,1,28,1
14137,3,1,11001,1,11,1,1,4,9,5,1,2,1,44,7
14137,3,1,11001,1,11,1,1,4,9,5,1,2,2,19,3
14137,3,1,11001,1,11,1,1,4,9,5,1,2,2,47,1
14280,3,2,11001,2,11,1,1,2,9,5,1,1,1,53,1
14280,3,2,11001,2,11,1,1,2,9,5,1,1,1,53,2
14324,3,2,11001,2,11,1,1,4,9,5,1,1,1,19,3
14324,3,2,11001,2,11,1,1,4,9,5,1,1,1,21,1
14324,3,2,11001,2,11,1,1,4,9,5,1,1,1,23,10
14326,3,2,11001,2,11,1,1,4,9,3,1,1,2,37,2
14326,3,2,11001,2,11,1,1,4,9,3,1,1,1,19,3
14326,3,2,11001,2,11,1,1,4,9,3,1,1,2,18,3
14326,3,2,11001,2,11,1,1,4,9,3,1,1,1,39,1
14370,3,2,11001,2,11,2,4,5,9,7,1,1,1,36,3
14370,3,2,11001,2,11,2,4,5,9,7,1,1,1,40,3
14370,3,2,11001,2,11,2,4,5,9,7,1,1,2,71,1
14380,3,2,11001,3,11,1,1,4,9,5,1,1,1,29,1
14380,3,2,11001,3,11,1,1,4,9,5,1,1,1,19,10
14380,3,2,11001,3,11,1,1,4,9,5,1,1,1,19,10
14395,3,2,11001,3,11,1,1,5,9,8,1,1,1,71,1
14395,3,2,11001,3,11,1,1,5,9,8,1,1,1,68,8
14395,3,2,11001,3,11,1,1,5,9,8,1,1,1,23,3
14395,3,2,11001,3,11,1,1,5,9,8,1,1,2,64,2
14492,3,2,11001,2,11,1,1,4,9,4,1,1,1,25,1
15155,3,1,11001,3,11,2,4,4,9,5,1,1,1,24,3
15155,3,1,11001,3,11,2,4,4,9,5,1,1,1,18,3
15155,3,1,11001,3,11,2,4,4,9,5,1,1,1,43,2
15155,3,1,11001,3,11,2,4,4,9,5,1,1,2,43,1
15249,3,2,11001,3,11,1,1,4,9,6,1,2,2,70,6
15249,3,2,11001,3,11,1,1,4,9,6,1,2,2,45,1
15249,3,2,11001,3,11,1,1,4,9,6,1,2,1,20,3
15249,3,2,11001,3,11,1,1,4,9,6,1,2,1,15,3
15289,2,1,11001,3,11,2,3,4,9,5,1,2,2,5,3
15289,2,1,11001,3,11,2,3,4,9,5,1,2,1,41,1
15289,2,1,11001,3,11,2,3,4,9,5,1,2,2,20,3
15289,2,1,11001,3,11,2,3,4,9,5,1,2,2,39,2
15299,1,1,11001,3,11,1,1,5,9,7,1,2,2,31,1
15341,3,1,11001,3,11,1,4,3,9,5,1,1,1,43,1
15362,3,1,11001,3,11,1,1,4,9,6,1,1,2,26,2
15362,3,1,11001,3,11,1,1,4,9,6,1,1,2,5,3
15362,3,1,11001,3,11,1,1,4,9,6,1,1,1,26,1
15399,3,2,11001,3,11,1,1,5,9,7,1,2,1,4,3
15399,3,2,11001,3,11,1,1,5,9,7,1,2,1,3,3
15399,3,2,11001,3,11,1,1,5,9,7,1,2,1,8,3
15399,3,2,11001,3,11,1,1,5,9,7,1,2,1,31,1
15399,3,2,11001,3,11,1,1,5,9,7,1,2,2,26,2
15598,3,2,11001,2,11,1,1,2,9,1,1,1,2,58,2
15598,3,2,11001,2,11,1,1,2,9,1,1,1,1,61,1
15646,3,1,11001,3,11,2,3,5,9,7,1,1,2,55,2
15646,3,1,11001,3,11,2,3,5,9,7,1,1,2,32,8
15646,3,1,11001,3,11,2,3,5,9,7,1,1,1,23,3
15646,3,1,11001,3,11,2,3,5,9,7,1,1,1,55,1
15646,3,1,11001,3,11,2,3,5,9,7,1,1,1,33,3
15698,3,2,11001,2,11,1,1,4,9,5,1,1,1,26,1
15698,3,2,11001,2,11,1,1,4,9,5,1,1,2,36,2
15698,3,2,11001,2,11,1,1,4,9,5,1,1,2,13,3
15698,3,2,11001,2,11,1,1,4,9,5,1,1,2,55,6
15704,3,1,11001,3,11,1,1,4,9,6,1,1,2,58,3
15704,3,1,11001,3,11,1,1,4,9,6,1,1,1,24,5
15704,3,1,11001,3,11,1,1,4,9,6,1,1,1,86,1
15704,3,1,11001,3,11,1,1,4,9,6,1,1,2,77,2
15722,3,2,11001,3,11,1,6,5,9,5,1,2,2,65,2
15722,3,2,11001,3,11,1,6,5,9,5,1,2,1,66,1
15846,9,2,11001,1,11,1,1,4,9,5,1,2,2,22,2
15846,9,2,11001,1,11,1,1,4,9,5,1,2,2,14,3
15846,9,2,11001,1,11,1,1,4,9,5,1,2,1,37,1
15846,9,2,11001,1,11,1,1,4,9,5,1,2,2,0,3
16078,3,2,11001,2,11,1,1,4,9,4,1,1,2,15,3
16078,3,2,11001,2,11,1,1,4,9,4,1,1,1,45,1
16078,3,2,11001,2,11,1,1,4,9,4,1,1,2,34,2
16122,3,1,11001,4,11,2,1,4,9,5,1,1,2,60,1
16122,3,1,11001,4,11,2,1,4,9,5,1,1,1,42,8
16156,3,2,11001,4,11,1,1,4,9,8,1,2,2,21,10
16156,3,2,11001,4,11,1,1,4,9,8,1,2,1,4,8
16156,3,2,11001,4,11,1,1,4,9,8,1,2,2,60,6
16156,3,2,11001,4,11,1,1,4,9,8,1,2,2,20,8
16156,3,2,11001,4,11,1,1,4,9,8,1,2,2,72,6
16156,3,2,11001,4,11,1,1,4,9,8,1,2,1,2,3
16156,3,2,11001,4,11,1,1,4,9,8,1,2,1,44,2
16156,3,2,11001,4,11,1,1,4,9,8,1,2,2,44,1
16156,3,2,11001,4,11,1,1,4,9,8,1,2,1,53,7
16270,3,2,11001,3,11,1,1,3,9,6,1,1,1,52,1
16371,3,1,11001,2,11,1,2,2,9,5,1,1,1,27,7
16371,3,1,11001,2,11,1,2,2,9,5,1,1,1,10,3
16371,3,1,11001,2,11,1,2,2,9,5,1,1,1,33,1
16371,3,1,11001,2,11,1,2,2,9,5,1,1,1,8,3
16382,3,1,11001,4,11,1,1,5,9,8,2,1,1,28,1
16455,2,1,11001,3,11,2,3,3,1,6,1,2,2,55,2
16455,2,1,11001,3,11,2,3,3,1,6,1,2,1,54,1
16455,2,1,11001,3,11,2,3,3,1,6,1,2,1,25,3
16455,2,1,11001,3,11,2,3,3,1,6,1,2,2,21,3
16471,3,2,11001,3,11,2,4,4,9,7,1,2,1,0,8
16471,3,2,11001,3,11,2,4,4,9,7,1,2,1,37,1
16471,3,2,11001,3,11,2,4,4,9,7,1,2,2,34,7
16516,3,1,11001,2,11,1,1,4,9,5,1,2,2,22,1
16516,3,1,11001,2,11,1,1,4,9,5,1,2,2,1,3
16516,3,1,11001,2,11,1,1,4,9,5,1,2,1,4,3
16531,3,2,11001,2,11,1,1,4,1,4,1,1,1,49,1
16633,2,9,11001,3,11,2,3,3,9,7,1,2,2,57,2
16633,2,9,11001,3,11,2,3,3,9,7,1,2,2,27,3
16633,2,9,11001,3,11,2,3,3,9,7,1,2,1,55,1
16633,2,9,11001,3,11,2,3,3,9,7,1,2,2,17,3
16636,3,2,11001,3,11,2,1,3,9,7,1,2,1,53,2
16636,3,2,11001,3,11,2,1,3,9,7,1,2,2,26,3
16636,3,2,11001,3,11,2,1,3,9,7,1,2,2,54,1
16636,3,2,11001,3,11,2,1,3,9,7,1,2,1,17,3
16640,9,2,11001,2,11,1,1,4,9,4,1,1,1,50,1
16899,3,2,11001,3,11,2,2,1,9,6,1,2,1,1,3
16899,3,2,11001,3,11,2,2,1,9,6,1,2,1,25,1
16899,3,2,11001,3,11,2,2,1,9,6,1,2,2,27,2
16970,2,2,11001,2,11,1,1,4,9,4,1,1,1,18,3
16970,2,2,11001,2,11,1,1,4,9,4,1,1,2,9,3
16970,2,2,11001,2,11,1,1,4,9,4,1,1,2,42,1
17096,2,1,11001,2,11,2,3,4,9,5,NA,NA,2,15,3
17096,2,1,11001,2,11,2,3,4,9,5,NA,NA,2,33,1
17189,3,2,11001,2,11,1,1,4,9,6,1,1,1,28,1
17189,3,2,11001,2,11,1,1,4,9,6,1,1,2,23,2
17255,3,2,11001,2,11,1,1,4,9,5,1,1,1,44,2
17255,3,2,11001,2,11,1,1,4,9,5,1,1,2,46,1
17342,3,1,11001,2,11,1,1,4,9,5,1,1,2,16,3
17342,3,1,11001,2,11,1,1,4,9,5,1,1,1,30,1
17342,3,1,11001,2,11,1,1,4,9,5,1,1,2,42,2
17342,3,1,11001,2,11,1,1,4,9,5,1,1,2,7,3
17407,3,1,11001,3,11,1,1,4,9,6,1,2,2,33,1
17849,3,2,11001,3,11,1,1,4,9,5,1,1,2,27,3
17849,3,2,11001,3,11,1,1,4,9,5,1,1,2,57,1
17849,3,2,11001,3,11,1,1,4,9,5,1,1,1,28,3
17849,3,2,11001,3,11,1,1,4,9,5,1,1,1,25,3
17849,3,2,11001,3,11,1,1,4,9,5,1,1,2,17,3
17849,3,2,11001,3,11,1,1,4,9,5,1,1,1,30,3
17851,3,2,11001,3,11,2,1,4,9,7,1,1,1,67,1
17851,3,2,11001,3,11,2,1,4,9,7,1,1,2,67,2
17851,3,2,11001,3,11,2,1,4,9,7,1,1,1,26,3
18341,2,1,11001,2,11,2,4,4,9,5,3,2,2,18,1
18341,2,1,11001,2,11,2,4,4,9,5,3,2,1,15,2
18381,2,1,11001,2,11,2,4,4,9,6,1,2,2,28,2
18381,2,1,11001,2,11,2,4,4,9,6,1,2,1,29,1
18627,3,2,11001,3,11,1,1,5,9,7,1,1,2,76,6
18627,3,2,11001,3,11,1,1,5,9,7,1,1,1,43,1
18628,3,2,11001,3,11,1,1,3,9,7,1,1,1,52,1
18628,3,2,11001,3,11,1,1,3,9,7,1,1,2,24,3
18732,3,2,11001,1,11,1,1,4,9,5,1,1,2,19,2
18732,3,2,11001,1,11,1,1,4,9,5,1,1,1,20,1
18914,3,2,11001,2,11,1,1,4,9,8,1,2,2,32,1
18914,3,2,11001,2,11,1,1,4,9,8,1,2,2,4,3
18955,3,2,11001,3,11,1,1,5,9,8,1,2,2,82,1
18955,3,2,11001,3,11,1,1,5,9,8,1,2,1,87,2
18955,3,2,11001,3,11,1,1,5,9,8,1,2,2,56,3
19022,3,2,11001,2,11,1,4,3,5,1,1,2,2,63,1
19086,3,2,11001,2,11,1,1,4,9,5,1,1,2,24,3
19086,3,2,11001,2,11,1,1,4,9,5,1,1,1,62,1
19086,3,2,11001,2,11,1,1,4,9,5,1,1,2,60,2
19086,3,2,11001,2,11,1,1,4,9,5,1,1,1,27,3
19905,3,2,11001,2,11,2,4,2,9,5,1,1,1,65,1
19905,3,2,11001,2,11,2,4,2,9,5,1,1,2,30,5
19905,3,2,11001,2,11,2,4,2,9,5,1,1,2,65,2
19957,3,2,11001,3,11,1,1,4,9,8,1,1,1,36,3
19957,3,2,11001,3,11,1,1,4,9,8,1,1,2,89,8
19957,3,2,11001,3,11,1,1,4,9,8,1,1,2,69,2
19957,3,2,11001,3,11,1,1,4,9,8,1,1,1,71,1
20165,3,9,11001,1,11,1,1,4,9,5,1,1,1,31,1
20165,3,9,11001,1,11,1,1,4,9,5,1,1,2,38,2
20165,3,9,11001,1,11,1,1,4,9,5,1,1,2,15,3
20165,3,9,11001,1,11,1,1,4,9,5,1,1,2,9,3
20165,3,9,11001,1,11,1,1,4,9,5,1,1,2,2,3
20368,3,2,11001,2,11,2,4,3,9,6,1,2,2,26,2
20368,3,2,11001,2,11,2,4,3,9,6,1,2,1,2,3
20368,3,2,11001,2,11,2,4,3,9,6,1,2,1,26,1
20604,3,2,11001,2,11,2,3,4,9,7,1,2,2,21,2
20604,3,2,11001,2,11,2,3,4,9,7,1,2,2,20,7
20604,3,2,11001,2,11,2,3,4,9,7,1,2,1,18,7
20604,3,2,11001,2,11,2,3,4,9,7,1,2,2,42,6
20604,3,2,11001,2,11,2,3,4,9,7,1,2,1,22,1
20644,2,1,11001,3,11,2,3,5,9,5,1,2,1,50,1
20644,2,1,11001,3,11,2,3,5,9,5,1,2,2,20,3
20644,2,1,11001,3,11,2,3,5,9,5,1,2,2,48,2
20697,3,2,11001,1,11,1,1,4,9,4,1,1,1,46,3
20697,3,2,11001,1,11,1,1,4,9,4,1,1,2,84,1
21872,3,1,11001,4,11,1,1,4,9,8,1,2,2,40,1
21915,1,1,11001,4,11,1,1,4,9,8,1,2,1,19,3
21915,1,1,11001,4,11,1,1,4,9,8,1,2,2,46,1
21992,3,1,11001,3,11,2,3,4,9,7,2,1,1,25,1
21992,3,1,11001,3,11,2,3,4,9,7,2,1,2,24,7
22021,1,1,11001,3,11,1,1,4,9,5,1,1,1,48,1
22090,3,1,11001,3,11,2,3,3,9,5,NA,NA,1,50,1
22090,3,1,11001,3,11,2,3,3,9,5,NA,NA,2,15,3
22090,3,1,11001,3,11,2,3,3,9,5,NA,NA,1,23,3
22090,3,1,11001,3,11,2,3,3,9,5,NA,NA,2,25,3
22090,3,1,11001,3,11,2,3,3,9,5,NA,NA,1,22,3
22090,3,1,11001,3,11,2,3,3,9,5,NA,NA,2,2,5
22090,3,1,11001,3,11,2,3,3,9,5,NA,NA,2,43,2
22090,3,1,11001,3,11,2,3,3,9,5,NA,NA,2,17,3
22093,3,2,11001,3,11,2,2,4,9,7,1,1,2,35,3
22093,3,2,11001,3,11,2,2,4,9,7,1,1,1,41,3
22093,3,2,11001,3,11,2,2,4,9,7,1,1,1,38,3
22093,3,2,11001,3,11,2,2,4,9,7,1,1,2,60,1
22093,3,2,11001,3,11,2,2,4,9,7,1,1,1,31,4
22121,3,1,11001,3,11,1,1,3,1,3,1,1,1,30,1
22121,3,1,11001,3,11,1,1,3,1,3,1,1,1,7,3
22121,3,1,11001,3,11,1,1,3,1,3,1,1,2,27,2
22289,3,2,11001,3,11,2,2,4,9,8,1,1,1,31,1
22289,3,2,11001,3,11,2,2,4,9,8,1,1,1,29,7
22362,3,2,11001,2,11,1,1,4,9,5,1,1,2,4,3
22362,3,2,11001,2,11,1,1,4,9,5,1,1,2,30,2
22362,3,2,11001,2,11,1,1,4,9,5,1,1,1,41,1
22362,3,2,11001,2,11,1,1,4,9,5,1,1,1,9,3
22388,1,1,11001,3,11,1,1,5,9,6,1,1,1,26,3
22388,1,1,11001,3,11,1,1,5,9,6,1,1,2,2,5
22388,1,1,11001,3,11,1,1,5,9,6,1,1,1,59,1
22388,1,1,11001,3,11,1,1,5,9,6,1,1,2,5,5
22388,1,1,11001,3,11,1,1,5,9,6,1,1,2,28,3
22388,1,1,11001,3,11,1,1,5,9,6,1,1,2,58,2
22506,3,2,11001,2,11,1,6,4,9,5,1,1,2,30,3
22506,3,2,11001,2,11,1,6,4,9,5,1,1,1,33,3
22506,3,2,11001,2,11,1,6,4,9,5,1,1,1,65,1
22506,3,2,11001,2,11,1,6,4,9,5,1,1,2,55,2
22572,3,2,11001,4,11,1,1,5,9,8,1,2,2,63,1
22963,3,2,11001,2,11,2,2,4,9,5,1,3,2,28,1
22963,3,2,11001,2,11,2,2,4,9,5,1,3,2,25,10
23037,3,2,11001,2,11,1,1,4,9,4,1,1,1,67,1
23037,3,2,11001,2,11,1,1,4,9,4,1,1,2,68,2
23037,3,2,11001,2,11,1,1,4,9,4,1,1,2,32,3
23037,3,2,11001,2,11,1,1,4,9,4,1,1,1,28,3
23432,3,2,11001,2,11,1,1,4,9,5,1,2,2,28,2
23432,3,2,11001,2,11,1,1,4,9,5,1,2,2,10,3
23432,3,2,11001,2,11,1,1,4,9,5,1,2,1,41,1
23437,3,1,11001,2,11,1,1,3,9,5,1,2,2,10,3
23437,3,1,11001,2,11,1,1,3,9,5,1,2,1,31,1
23437,3,1,11001,2,11,1,1,3,9,5,1,2,2,29,2
23437,3,1,11001,2,11,1,1,3,9,5,1,2,1,11,3
23597,3,2,11001,3,11,1,1,4,9,3,1,1,2,66,2
23597,3,2,11001,3,11,1,1,4,9,3,1,1,1,65,1
23751,3,2,11001,4,11,1,1,4,9,7,1,1,1,43,1
23751,3,2,11001,4,11,1,1,4,9,7,1,1,2,39,2
23751,3,2,11001,4,11,1,1,4,9,7,1,1,1,4,3
24002,3,2,11001,2,11,1,4,3,9,5,1,2,1,54,1
24002,3,2,11001,2,11,1,4,3,9,5,1,2,2,33,2
24062,3,2,11001,6,11,1,1,4,9,8,1,1,2,34,1
24062,3,2,11001,6,11,1,1,4,9,8,1,1,1,1,3
24062,3,2,11001,6,11,1,1,4,9,8,1,1,1,40,2
24062,3,2,11001,6,11,1,1,4,9,8,1,1,2,5,3
24204,3,2,11001,6,11,1,1,3,9,8,1,2,2,32,2
24204,3,2,11001,6,11,1,1,3,9,8,1,2,1,41,1
25088,3,1,11001,3,11,2,3,4,9,7,1,2,1,54,1
25088,3,1,11001,3,11,2,3,4,9,7,1,2,2,33,3
25088,3,1,11001,3,11,2,3,4,9,7,1,2,2,54,2
25088,3,1,11001,3,11,2,3,4,9,7,1,2,2,24,3
25190,3,2,11001,2,11,2,2,4,9,5,1,1,1,18,3
25190,3,2,11001,2,11,2,2,4,9,5,1,1,1,31,3
25190,3,2,11001,2,11,2,2,4,9,5,1,1,2,56,2
25190,3,2,11001,2,11,2,2,4,9,5,1,1,1,62,1
25558,3,2,11001,3,11,1,1,3,9,7,1,1,1,24,3
25558,3,2,11001,3,11,1,1,3,9,7,1,1,1,58,1
25558,3,2,11001,3,11,1,1,3,9,7,1,1,2,46,2
25833,3,2,11001,2,11,1,1,4,9,5,1,2,2,25,1
25833,3,2,11001,2,11,1,1,4,9,5,1,2,2,13,7
25833,3,2,11001,2,11,1,1,4,9,5,1,2,1,24,2
25897,3,2,11001,2,11,1,1,4,9,5,1,2,2,21,1
26130,3,1,11001,3,11,2,3,4,9,7,1,1,1,21,3
26130,3,1,11001,3,11,2,3,4,9,7,1,1,2,43,2
26130,3,1,11001,3,11,2,3,4,9,7,1,1,1,45,1
26130,3,1,11001,3,11,2,3,4,9,7,1,1,2,15,3
26130,3,1,11001,3,11,2,3,4,9,7,1,1,2,63,6
26250,3,1,11001,2,11,1,1,3,9,5,1,1,2,20,3
26250,3,1,11001,2,11,1,1,3,9,5,1,1,1,40,1
26250,3,1,11001,2,11,1,1,3,9,5,1,1,2,33,2
26457,2,1,11001,3,11,2,3,3,9,7,1,1,1,44,1
26457,2,1,11001,3,11,2,3,3,9,7,1,1,1,20,3
26618,3,2,11001,3,11,1,1,4,9,6,1,1,1,51,1
26618,3,2,11001,3,11,1,1,4,9,6,1,1,2,49,2
26793,3,2,11001,3,11,1,1,5,9,8,1,2,2,43,1
26837,3,1,11001,3,11,2,2,4,9,7,1,2,2,55,2
26837,3,1,11001,3,11,2,2,4,9,7,1,2,1,53,1
26837,3,1,11001,3,11,2,2,4,9,7,1,2,2,24,3
26837,3,1,11001,3,11,2,2,4,9,7,1,2,2,19,3
26871,3,2,11001,3,11,1,1,5,9,7,1,1,1,7,3
26871,3,2,11001,3,11,1,1,5,9,7,1,1,1,36,1
26871,3,2,11001,3,11,1,1,5,9,7,1,1,2,30,2
26945,3,2,11001,2,11,1,1,4,9,6,1,1,1,40,1
26959,3,1,11001,1,11,1,1,5,9,7,1,1,2,65,2
26959,3,1,11001,1,11,1,1,5,9,7,1,1,1,64,1
26959,3,1,11001,1,11,1,1,5,9,7,1,1,1,33,3
27029,1,1,11001,3,11,1,1,5,9,7,3,3,2,70,6
27029,1,1,11001,3,11,1,1,5,9,7,3,3,1,35,1
27077,3,1,11001,3,11,1,1,5,9,7,1,1,1,30,1
27077,3,1,11001,3,11,1,1,5,9,7,1,1,2,31,2
27172,3,2,11001,1,11,1,1,5,9,5,1,2,1,40,1
27172,3,2,11001,1,11,1,1,5,9,5,1,2,2,29,2
27172,3,2,11001,1,11,1,1,5,9,5,1,2,2,7,3
27172,3,2,11001,1,11,1,1,5,9,5,1,2,1,5,3
27172,3,2,11001,1,11,1,1,5,9,5,1,2,1,3,3
27172,3,2,11001,1,11,1,1,5,9,5,1,2,1,10,3
27406,3,1,11001,3,11,1,1,3,9,7,1,1,2,56,1
27406,3,1,11001,3,11,1,1,3,9,7,1,1,1,26,3
27447,2,2,11001,3,11,1,1,4,9,7,1,2,2,56,2
27447,2,2,11001,3,11,1,1,4,9,7,1,2,1,57,1
27458,1,1,11001,2,11,1,1,2,9,3,1,1,1,26,1
27523,3,2,11001,2,11,1,1,4,9,6,1,1,1,16,3
27523,3,2,11001,2,11,1,1,4,9,6,1,1,1,18,3
27523,3,2,11001,2,11,1,1,4,9,6,1,1,2,43,1
27565,3,2,11001,NA,11,1,1,4,9,7,1,1,2,36,2
27565,3,2,11001,NA,11,1,1,4,9,7,1,1,1,38,1
27565,3,2,11001,NA,11,1,1,4,9,7,1,1,2,14,3
27605,3,1,11001,2,11,2,3,4,9,6,1,1,2,21,3
27605,3,1,11001,2,11,2,3,4,9,6,1,1,1,18,3
27605,3,1,11001,2,11,2,3,4,9,6,1,1,2,39,1
27610,3,2,11001,3,11,1,1,4,9,7,1,2,2,89,2
27610,3,2,11001,3,11,1,1,4,9,7,1,2,1,89,1
27610,3,2,11001,3,11,1,1,4,9,7,1,2,2,30,5
27629,3,2,11001,2,11,1,1,4,9,6,1,2,2,33,1
27629,3,2,11001,2,11,1,1,4,9,6,1,2,2,17,3
27629,3,2,11001,2,11,1,1,4,9,6,1,2,1,6,3
27645,2,1,11001,2,11,2,3,4,9,5,1,1,2,44,2
27645,2,1,11001,2,11,2,3,4,9,5,1,1,1,44,1
27645,2,1,11001,2,11,2,3,4,9,5,1,1,1,19,3
28161,3,1,11001,3,11,1,1,5,9,6,1,1,2,24,2
28161,3,1,11001,3,11,1,1,5,9,6,1,1,1,28,1
28169,2,1,11001,3,11,2,3,4,9,4,NA,NA,2,41,1
28169,2,1,11001,3,11,2,3,4,9,4,NA,NA,1,15,3
28215,3,1,11001,3,11,2,3,5,9,6,1,2,2,33,7
28215,3,1,11001,3,11,2,3,5,9,6,1,2,1,21,1
28215,3,1,11001,3,11,2,3,5,9,6,1,2,1,52,6
28215,3,1,11001,3,11,2,3,5,9,6,1,2,2,60,6
28285,3,2,11001,3,11,1,1,5,9,7,1,1,1,20,3
28285,3,2,11001,3,11,1,1,5,9,7,1,1,1,35,3
28285,3,2,11001,3,11,1,1,5,9,7,1,1,1,50,1
28328,3,2,11001,3,11,1,1,4,9,4,1,1,1,2,3
28328,3,2,11001,3,11,1,1,4,9,4,1,1,2,21,2
28328,3,2,11001,3,11,1,1,4,9,4,1,1,1,26,1
28329,3,2,11001,3,11,1,1,5,9,6,1,1,1,0,3
28329,3,2,11001,3,11,1,1,5,9,6,1,1,2,29,2
28329,3,2,11001,3,11,1,1,5,9,6,1,1,1,10,3
28329,3,2,11001,3,11,1,1,5,9,6,1,1,1,29,1
28381,3,2,11001,3,11,1,1,5,9,6,1,1,2,23,2
28381,3,2,11001,3,11,1,1,5,9,6,1,1,1,4,3
28381,3,2,11001,3,11,1,1,5,9,6,1,1,1,30,1
28598,3,2,11001,3,11,1,1,5,9,7,1,1,2,7,3
28598,3,2,11001,3,11,1,1,5,9,7,1,1,2,35,2
28598,3,2,11001,3,11,1,1,5,9,7,1,1,1,35,1
28785,3,2,11001,3,11,1,1,4,9,5,1,1,1,25,3
28785,3,2,11001,3,11,1,1,4,9,5,1,1,1,22,3
28785,3,2,11001,3,11,1,1,4,9,5,1,1,2,59,1
28825,9,2,11001,4,11,1,1,5,9,8,1,2,2,36,1
28825,9,2,11001,4,11,1,1,5,9,8,1,2,1,40,2
28853,3,2,11001,2,11,1,1,4,9,6,1,1,1,30,1
28861,3,2,11001,3,11,1,2,4,9,8,1,1,1,43,1
28861,3,2,11001,3,11,1,2,4,9,8,1,1,2,73,6
29006,3,1,11001,2,11,1,1,5,9,8,1,2,2,26,3
29006,3,1,11001,2,11,1,1,5,9,8,1,2,2,53,2
29006,3,1,11001,2,11,1,1,5,9,8,1,2,1,21,3
29006,3,1,11001,2,11,1,1,5,9,8,1,2,1,55,1
29008,9,2,11001,2,11,1,1,5,9,5,1,1,2,53,7
29008,9,2,11001,2,11,1,1,5,9,5,1,1,2,19,3
29008,9,2,11001,2,11,1,1,5,9,5,1,1,2,50,1
29008,9,2,11001,2,11,1,1,5,9,5,1,1,1,22,7
29040,3,2,11001,4,11,1,2,4,9,8,1,1,1,51,1
29077,3,2,11001,3,11,2,2,4,9,7,1,1,2,66,1
29077,3,2,11001,3,11,2,2,4,9,7,1,1,1,33,3
29098,3,2,11001,2,11,2,4,3,9,5,1,2,1,4,5
29098,3,2,11001,2,11,2,4,3,9,5,1,2,1,37,3
29098,3,2,11001,2,11,2,4,3,9,5,1,2,2,29,4
29098,3,2,11001,2,11,2,4,3,9,5,1,2,2,54,1
29098,3,2,11001,2,11,2,4,3,9,5,1,2,1,2,5
29190,3,2,11001,4,11,2,4,4,9,6,1,2,2,59,2
29190,3,2,11001,4,11,2,4,4,9,6,1,2,1,67,1
29259,3,2,11001,2,11,1,1,4,9,5,1,1,1,39,1
29285,3,2,11001,4,11,1,1,5,9,7,1,1,1,46,1
29285,3,2,11001,4,11,1,1,5,9,7,1,1,1,11,3
29287,3,2,11001,3,11,2,5,3,9,7,1,1,1,56,3
29287,3,2,11001,3,11,2,5,3,9,7,1,1,2,52,3
29287,3,2,11001,3,11,2,5,3,9,7,1,1,1,48,3
29287,3,2,11001,3,11,2,5,3,9,7,1,1,1,91,1
29392,3,2,11001,2,11,1,1,5,9,6,1,1,1,24,3
29392,3,2,11001,2,11,1,1,5,9,6,1,1,2,47,1
29392,3,2,11001,2,11,1,1,5,9,6,1,1,2,23,3
29431,3,2,11001,3,11,1,1,3,9,5,1,2,1,25,2
29431,3,2,11001,3,11,1,1,3,9,5,1,2,2,23,1
29431,3,2,11001,3,11,1,1,3,9,5,1,2,2,1,3
29583,3,2,11001,3,11,1,1,4,9,6,1,2,2,36,8
29583,3,2,11001,3,11,1,1,4,9,6,1,2,2,46,1
29684,3,2,11001,3,11,1,1,4,5,6,1,1,2,59,1
29684,3,2,11001,3,11,1,1,4,5,6,1,1,1,29,3
29684,3,2,11001,3,11,1,1,4,5,6,1,1,1,24,3
29784,3,1,11001,2,11,1,1,5,9,7,1,1,2,66,6
29784,3,1,11001,2,11,1,1,5,9,7,1,1,1,40,1
29802,3,2,11001,2,11,1,1,4,9,5,1,1,1,10,3
29802,3,2,11001,2,11,1,1,4,9,5,1,1,2,19,3
29802,3,2,11001,2,11,1,1,4,9,5,1,1,2,41,2
29802,3,2,11001,2,11,1,1,4,9,5,1,1,1,45,1
29809,3,2,11001,3,11,1,1,4,9,6,1,1,1,58,1
29819,3,2,11001,3,11,2,3,4,9,5,1,1,2,53,1
29819,3,2,11001,3,11,2,3,4,9,5,1,1,1,25,3
29826,3,2,11001,2,11,1,1,3,5,6,1,2,2,2,5
29826,3,2,11001,2,11,1,1,3,5,6,1,2,1,23,3
29826,3,2,11001,2,11,1,1,3,5,6,1,2,2,23,4
29826,3,2,11001,2,11,1,1,3,5,6,1,2,2,43,1
30297,3,2,11001,3,11,1,4,4,9,5,1,1,2,2,3
30297,3,2,11001,3,11,1,4,4,9,5,1,1,1,63,1
30297,3,2,11001,3,11,1,4,4,9,5,1,1,2,63,2
30314,3,1,11001,3,11,1,1,4,9,6,1,2,1,38,3
30314,3,1,11001,3,11,1,1,4,9,6,1,2,2,23,5
30314,3,1,11001,3,11,1,1,4,9,6,1,2,2,65,1
30314,3,1,11001,3,11,1,1,4,9,6,1,2,2,47,3
30419,3,2,11001,4,11,2,8,4,9,7,3,1,1,21,3
30419,3,2,11001,4,11,2,8,4,9,7,3,1,2,54,1
30419,3,2,11001,4,11,2,8,4,9,7,3,1,2,14,3
30491,3,1,11001,3,11,1,1,4,9,7,1,2,1,30,2
30491,3,1,11001,3,11,1,1,4,9,7,1,2,2,30,1
30520,3,2,11001,3,11,1,8,4,9,7,1,1,2,59,2
30520,3,2,11001,3,11,1,8,4,9,7,1,1,2,23,3
30520,3,2,11001,3,11,1,8,4,9,7,1,1,1,61,1
30529,3,2,11001,2,11,2,3,4,9,4,NA,NA,2,36,1
30529,3,2,11001,2,11,2,3,4,9,4,NA,NA,1,42,2
30529,3,2,11001,2,11,2,3,4,9,4,NA,NA,1,15,3
30529,3,2,11001,2,11,2,3,4,9,4,NA,NA,2,9,3
30619,3,1,11001,3,11,1,1,4,9,5,1,1,2,67,1
30619,3,1,11001,3,11,1,1,4,9,5,1,1,1,29,3
30872,3,2,11001,2,11,1,2,4,9,5,1,2,2,26,1
30981,3,2,11001,4,11,1,1,4,9,8,1,1,1,21,3
30981,3,2,11001,4,11,1,1,4,9,8,1,1,2,24,3
30981,3,2,11001,4,11,1,1,4,9,8,1,1,2,57,2
30981,3,2,11001,4,11,1,1,4,9,8,1,1,1,49,1
30989,9,2,11001,2,11,1,1,2,9,6,1,1,2,58,2
30989,9,2,11001,2,11,1,1,2,9,6,1,1,2,35,3
30989,9,2,11001,2,11,1,1,2,9,6,1,1,1,24,3
30989,9,2,11001,2,11,1,1,2,9,6,1,1,1,60,1
30989,9,2,11001,2,11,1,1,2,9,6,1,1,1,32,3
31223,3,1,11001,3,11,2,3,3,9,5,3,2,2,49,1
31223,3,1,11001,3,11,2,3,3,9,5,3,2,1,2,5
31223,3,1,11001,3,11,2,3,3,9,5,3,2,2,20,3
31223,3,1,11001,3,11,2,3,3,9,5,3,2,2,20,3
31335,3,2,11001,4,11,1,1,4,9,7,1,2,2,26,1
31337,3,2,11001,3,11,1,1,3,9,6,1,1,2,32,2
31337,3,2,11001,3,11,1,1,3,9,6,1,1,1,40,1
31337,3,2,11001,3,11,1,1,3,9,6,1,1,2,9,3
31413,3,2,11001,6,11,1,6,5,9,8,1,2,1,58,1
31413,3,2,11001,6,11,1,6,5,9,8,1,2,2,58,2
31462,3,1,11001,6,11,2,5,3,9,7,1,2,2,59,1
31516,3,1,11001,3,11,1,1,4,9,7,1,1,1,24,1
31516,3,1,11001,3,11,1,1,4,9,7,1,1,2,24,2
31524,3,2,11001,2,11,2,2,3,9,5,1,1,2,36,1
31524,3,2,11001,2,11,2,2,3,9,5,1,1,2,0,3
31524,3,2,11001,2,11,2,2,3,9,5,1,1,1,18,3
31631,3,2,11001,2,11,1,1,4,9,4,1,1,2,20,2
31631,3,2,11001,2,11,1,1,4,9,4,1,1,1,22,1
31631,3,2,11001,2,11,1,1,4,9,4,1,1,1,4,3
31763,3,2,11001,4,11,1,1,4,9,5,1,2,1,16,3
31763,3,2,11001,4,11,1,1,4,9,5,1,2,2,40,1
31814,3,2,11001,2,11,1,1,3,9,2,1,1,1,51,1
31876,3,2,11001,2,11,1,1,1,9,5,1,1,1,33,1
31876,3,2,11001,2,11,1,1,1,9,5,1,1,2,4,3
31876,3,2,11001,2,11,1,1,1,9,5,1,1,2,32,2
32029,3,2,11001,3,11,1,1,4,5,7,1,2,2,25,1
32094,3,2,11001,2,11,1,1,4,9,6,1,1,1,37,1
32105,3,2,11001,3,11,1,1,5,9,7,1,1,1,30,1
32105,3,2,11001,3,11,1,1,5,9,7,1,1,1,27,8
32105,3,2,11001,3,11,1,1,5,9,7,1,1,2,25,8
32105,3,2,11001,3,11,1,1,5,9,7,1,1,2,21,10
32188,3,1,11001,1,11,2,4,3,9,4,1,1,1,2,5
32188,3,1,11001,1,11,2,4,3,9,4,1,1,1,0,5
32188,3,1,11001,1,11,2,4,3,9,4,1,1,1,31,2
32188,3,1,11001,1,11,2,4,3,9,4,1,1,2,22,3
32188,3,1,11001,1,11,2,4,3,9,4,1,1,2,15,3
32188,3,1,11001,1,11,2,4,3,9,4,1,1,2,45,1
32188,3,1,11001,1,11,2,4,3,9,4,1,1,1,19,3
32461,3,1,11001,3,11,2,3,5,9,5,1,1,1,21,7
32461,3,1,11001,3,11,2,3,5,9,5,1,1,1,25,1
32483,3,1,11001,2,11,2,2,3,9,5,1,1,1,46,2
32483,3,1,11001,2,11,2,2,3,9,5,1,1,2,23,3
32483,3,1,11001,2,11,2,2,3,9,5,1,1,2,1,5
32483,3,1,11001,2,11,2,2,3,9,5,1,1,1,23,3
32483,3,1,11001,2,11,2,2,3,9,5,1,1,2,46,1
32553,3,1,11001,3,11,2,3,5,9,7,3,2,2,53,2
32553,3,1,11001,3,11,2,3,5,9,7,3,2,2,20,3
32553,3,1,11001,3,11,2,3,5,9,7,3,2,1,55,1
32983,3,2,11001,2,11,2,4,4,9,5,1,2,2,23,2
32983,3,2,11001,2,11,2,4,4,9,5,1,2,1,28,1
32983,3,2,11001,2,11,2,4,4,9,5,1,2,1,1,3
33132,3,2,11001,3,11,1,1,4,9,6,1,1,1,29,2
33132,3,2,11001,3,11,1,1,4,9,6,1,1,2,29,1
33487,3,1,11001,4,11,1,1,5,9,7,2,1,1,27,1
33493,3,2,11001,4,11,1,6,5,9,5,1,1,2,5,5
33493,3,2,11001,4,11,1,6,5,9,5,1,1,2,91,6
33493,3,2,11001,4,11,1,6,5,9,5,1,1,2,60,2
33493,3,2,11001,4,11,1,6,5,9,5,1,1,1,65,1
33493,3,2,11001,4,11,1,6,5,9,5,1,1,2,33,3
33522,3,1,11001,4,11,1,1,4,9,7,1,1,1,34,2
33522,3,1,11001,4,11,1,1,4,9,7,1,1,2,33,1
33602,3,1,11001,3,11,2,2,4,9,6,1,1,1,53,1
33602,3,1,11001,3,11,2,2,4,9,6,1,1,2,52,2
33602,3,1,11001,3,11,2,2,4,9,6,1,1,1,27,3
33730,3,2,11001,3,11,1,1,4,9,6,1,1,1,28,3
33730,3,2,11001,3,11,1,1,4,9,6,1,1,2,59,2
33730,3,2,11001,3,11,1,1,4,9,6,1,1,1,62,1
33730,3,2,11001,3,11,1,1,4,9,6,1,1,1,31,3
33766,3,2,11001,2,11,1,1,4,9,5,1,1,1,11,3
33766,3,2,11001,2,11,1,1,4,9,5,1,1,1,34,1
33766,3,2,11001,2,11,1,1,4,9,5,1,1,2,31,2
33766,3,2,11001,2,11,1,1,4,9,5,1,1,2,14,3
33812,3,2,11001,2,11,1,1,4,9,7,1,1,1,7,5
33812,3,2,11001,2,11,1,1,4,9,7,1,1,1,38,3
33812,3,2,11001,2,11,1,1,4,9,7,1,1,2,30,3
33812,3,2,11001,2,11,1,1,4,9,7,1,1,2,63,1
33812,3,2,11001,2,11,1,1,4,9,7,1,1,1,12,5
33844,3,2,11001,4,11,1,1,4,9,7,1,2,1,27,3
33844,3,2,11001,4,11,1,1,4,9,7,1,2,2,56,1
33844,3,2,11001,4,11,1,1,4,9,7,1,2,2,21,3
33891,3,2,11001,4,11,1,1,4,9,8,1,2,2,46,1
33893,3,2,11001,2,11,1,1,4,9,3,1,1,2,40,2
33893,3,2,11001,2,11,1,1,4,9,3,1,1,1,2,3
33893,3,2,11001,2,11,1,1,4,9,3,1,1,1,7,3
33893,3,2,11001,2,11,1,1,4,9,3,1,1,1,43,1
33893,3,2,11001,2,11,1,1,4,9,3,1,1,2,2,3
33965,3,2,11001,3,11,2,3,4,9,4,NA,NA,2,3,3
33965,3,2,11001,3,11,2,3,4,9,4,NA,NA,1,16,3
33965,3,2,11001,3,11,2,3,4,9,4,NA,NA,1,41,1
33965,3,2,11001,3,11,2,3,4,9,4,NA,NA,2,35,2
34114,3,2,11001,3,11,2,1,4,9,7,1,2,2,64,2
34114,3,2,11001,3,11,2,1,4,9,7,1,2,2,25,3
34114,3,2,11001,3,11,2,1,4,9,7,1,2,1,72,1
34121,3,1,11001,1,11,1,1,4,9,3,1,2,2,18,3
34121,3,1,11001,1,11,1,1,4,9,3,1,2,2,54,1
34121,3,1,11001,1,11,1,1,4,9,3,1,2,1,26,3
34121,3,1,11001,1,11,1,1,4,9,3,1,2,2,32,3
34121,3,1,11001,1,11,1,1,4,9,3,1,2,1,29,3
34121,3,1,11001,1,11,1,1,4,9,3,1,2,1,11,5
34121,3,1,11001,1,11,1,1,4,9,3,1,2,1,4,5
34121,3,1,11001,1,11,1,1,4,9,3,1,2,2,31,3
34195,3,2,11001,2,11,1,4,4,9,5,1,2,1,74,1
34195,3,2,11001,2,11,1,4,4,9,5,1,2,2,60,2
34195,3,2,11001,2,11,1,4,4,9,5,1,2,2,15,5
34195,3,2,11001,2,11,1,4,4,9,5,1,2,2,37,3
34195,3,2,11001,2,11,1,4,4,9,5,1,2,2,15,5
34195,3,2,11001,2,11,1,4,4,9,5,1,2,1,33,3
34204,3,1,11001,2,11,1,1,4,9,6,1,1,1,6,5
34204,3,1,11001,2,11,1,1,4,9,6,1,1,2,60,1
34204,3,1,11001,2,11,1,1,4,9,6,1,1,1,26,3
34555,3,2,11001,5,11,1,1,5,9,7,1,1,1,6,3
34555,3,2,11001,5,11,1,1,5,9,7,1,1,1,4,3
34555,3,2,11001,5,11,1,1,5,9,7,1,1,2,41,2
34555,3,2,11001,5,11,1,1,5,9,7,1,1,1,40,1
34630,3,1,11001,1,11,1,1,4,9,5,1,1,1,25,3
34630,3,1,11001,1,11,1,1,4,9,5,1,1,2,42,1
34661,3,2,11001,4,11,1,3,5,9,7,1,1,2,43,2
34661,3,2,11001,4,11,1,3,5,9,7,1,1,1,52,1
34679,3,1,11001,2,11,1,1,3,9,7,1,2,2,42,1
34679,3,1,11001,2,11,1,1,3,9,7,1,2,2,35,7
34679,3,1,11001,2,11,1,1,3,9,7,1,2,1,16,8
34700,3,2,11001,6,11,1,4,5,9,8,1,2,2,42,1
34700,3,2,11001,6,11,1,4,5,9,8,1,2,1,37,2
34700,3,2,11001,6,11,1,4,5,9,8,1,2,1,15,3
34713,3,1,11001,4,11,1,1,5,9,6,1,1,1,37,1
34713,3,1,11001,4,11,1,1,5,9,6,1,1,2,40,10
34718,3,1,11001,6,11,1,1,5,9,7,1,1,1,34,1
34718,3,1,11001,6,11,1,1,5,9,7,1,1,2,31,2
34814,3,1,11001,3,11,2,3,5,9,7,1,2,2,20,3
34814,3,1,11001,3,11,2,3,5,9,7,1,2,1,21,3
34814,3,1,11001,3,11,2,3,5,9,7,1,2,2,22,3
34814,3,1,11001,3,11,2,3,5,9,7,1,2,1,47,1
34903,3,2,11001,3,11,1,6,4,9,6,1,1,1,63,1
34903,3,2,11001,3,11,1,6,4,9,6,1,1,2,28,3
34903,3,2,11001,3,11,1,6,4,9,6,1,1,2,71,2
34912,3,1,11001,1,11,1,3,4,9,5,1,1,2,26,3
34912,3,1,11001,1,11,1,3,4,9,5,1,1,1,48,1
34912,3,1,11001,1,11,1,3,4,9,5,1,1,1,22,3
34912,3,1,11001,1,11,1,3,4,9,5,1,1,2,24,3
34912,3,1,11001,1,11,1,3,4,9,5,1,1,1,6,5
34912,3,1,11001,1,11,1,3,4,9,5,1,1,2,45,2
34916,9,1,11001,2,11,1,1,3,9,7,1,2,2,43,1
34916,9,1,11001,2,11,1,1,3,9,7,1,2,1,6,3
34916,9,1,11001,2,11,1,1,3,9,7,1,2,1,36,2
35041,3,2,11001,3,11,2,3,5,9,5,1,2,2,84,2
35041,3,2,11001,3,11,2,3,5,9,5,1,2,2,21,5
35041,3,2,11001,3,11,2,3,5,9,5,1,2,1,83,1
35056,3,2,11001,3,11,1,1,4,9,5,1,1,1,39,1
35056,3,2,11001,3,11,1,1,4,9,5,1,1,2,36,2
35056,3,2,11001,3,11,1,1,4,9,5,1,1,2,11,3
35077,3,2,11001,2,11,1,1,4,9,4,1,1,1,57,3
35077,3,2,11001,2,11,1,1,4,9,4,1,1,2,86,1
35077,3,2,11001,2,11,1,1,4,9,4,1,1,1,57,3
35077,3,2,11001,2,11,1,1,4,9,4,1,1,1,61,3
35134,3,2,11001,3,11,1,1,5,9,5,1,1,1,26,3
35134,3,2,11001,3,11,1,1,5,9,5,1,1,2,74,1
35170,3,2,11001,3,11,1,8,4,9,6,1,1,1,53,3
35170,3,2,11001,3,11,1,8,4,9,6,1,1,1,51,3
35170,3,2,11001,3,11,1,8,4,9,6,1,1,1,48,3
35170,3,2,11001,3,11,1,8,4,9,6,1,1,2,81,1
36017,3,2,11001,3,11,2,4,4,9,4,1,2,1,22,3
36017,3,2,11001,3,11,2,4,4,9,4,1,2,2,21,3
36017,3,2,11001,3,11,2,4,4,9,4,1,2,1,6,5
36017,3,2,11001,3,11,2,4,4,9,4,1,2,2,49,1
36017,3,2,11001,3,11,2,4,4,9,4,1,2,2,9,5
36017,3,2,11001,3,11,2,4,4,9,4,1,2,2,29,3
36017,3,2,11001,3,11,2,4,4,9,4,1,2,1,18,3
36017,3,2,11001,3,11,2,4,4,9,4,1,2,1,2,5
36017,3,2,11001,3,11,2,4,4,9,4,1,2,2,4,5
36017,3,2,11001,3,11,2,4,4,9,4,1,2,1,24,3
36128,3,2,11001,3,11,1,1,4,9,6,1,1,2,64,1
36128,3,2,11001,3,11,1,1,4,9,6,1,1,2,30,3
36128,3,2,11001,3,11,1,1,4,9,6,1,1,1,7,5
36128,3,2,11001,3,11,1,1,4,9,6,1,1,1,32,4
36148,3,2,11001,5,11,2,4,4,9,7,1,2,2,53,2
36148,3,2,11001,5,11,2,4,4,9,7,1,2,1,17,3
36148,3,2,11001,5,11,2,4,4,9,7,1,2,1,57,1
36275,3,2,11001,3,11,1,1,3,5,5,1,1,2,42,1
36275,3,2,11001,3,11,1,1,3,5,5,1,1,2,13,3
36275,3,2,11001,3,11,1,1,3,5,5,1,1,1,36,2
36456,3,2,11001,4,11,1,1,3,9,7,1,1,1,54,1
36456,3,2,11001,4,11,1,1,3,9,7,1,1,2,54,2
36456,3,2,11001,4,11,1,1,3,9,7,1,1,2,23,3
36456,3,2,11001,4,11,1,1,3,9,7,1,1,1,3,5
36830,3,1,11001,4,11,1,1,5,9,7,3,2,2,37,1
37025,3,1,11001,4,11,1,1,4,9,7,1,2,2,31,1
37090,3,1,11001,2,11,1,1,4,9,5,1,2,2,20,1
37090,3,1,11001,2,11,1,1,4,9,5,1,2,2,1,3
37396,3,1,11001,2,11,1,1,4,9,4,1,1,1,21,1
37428,3,1,11001,2,11,1,1,3,9,7,1,1,1,25,1
37428,3,1,11001,2,11,1,1,3,9,7,1,1,2,27,2
37440,3,2,11001,5,11,1,1,4,9,8,1,1,2,30,2
37440,3,2,11001,5,11,1,1,4,9,8,1,1,1,31,1
37440,3,2,11001,5,11,1,1,4,9,8,1,1,2,0,3
37440,3,2,11001,5,11,1,1,4,9,8,1,1,2,7,3
37492,3,2,11001,6,11,1,1,4,9,8,1,1,1,38,1
37556,2,1,11001,5,11,2,3,4,9,7,1,1,1,18,3
37556,2,1,11001,5,11,2,3,4,9,7,1,1,2,13,3
37556,2,1,11001,5,11,2,3,4,9,7,1,1,2,72,8
37556,2,1,11001,5,11,2,3,4,9,7,1,1,1,14,3
37556,2,1,11001,5,11,2,3,4,9,7,1,1,1,49,1
37556,2,1,11001,5,11,2,3,4,9,7,1,1,2,45,2
37741,3,2,11001,4,11,1,1,4,9,7,1,1,2,79,1
37741,3,2,11001,4,11,1,1,4,9,7,1,1,1,25,3
37780,3,2,11001,2,11,1,1,4,9,4,1,2,2,6,3
37780,3,2,11001,2,11,1,1,4,9,4,1,2,2,25,1
37780,3,2,11001,2,11,1,1,4,9,4,1,2,1,25,2
37780,3,2,11001,2,11,1,1,4,9,4,1,2,1,4,3
37808,3,1,11001,4,11,1,1,4,9,6,1,1,1,40,1
37808,3,1,11001,4,11,1,1,4,9,6,1,1,2,33,2
37858,3,1,11001,2,11,1,1,4,9,3,1,1,1,35,3
37858,3,1,11001,2,11,1,1,4,9,3,1,1,2,67,1
37858,3,1,11001,2,11,1,1,4,9,3,1,1,1,35,3
37924,2,1,11001,2,11,1,1,5,9,5,1,1,2,19,3
37924,2,1,11001,2,11,1,1,5,9,5,1,1,1,18,3
37924,2,1,11001,2,11,1,1,5,9,5,1,1,1,40,1
37924,2,1,11001,2,11,1,1,5,9,5,1,1,2,40,2
38084,3,2,11001,6,11,1,1,4,9,8,1,2,2,27,1
38116,3,2,11001,6,11,2,3,4,9,7,1,1,1,23,1
38116,3,2,11001,6,11,2,3,4,9,7,1,1,2,19,7
38155,3,2,11001,6,11,1,6,4,9,4,1,1,1,65,1
38231,3,1,11001,2,11,2,4,3,9,5,1,1,1,32,1
38231,3,1,11001,2,11,2,4,3,9,5,1,1,2,25,2
38231,3,1,11001,2,11,2,4,3,9,5,1,1,2,2,3
38549,3,2,11001,3,11,1,1,4,9,8,1,1,1,1,3
38549,3,2,11001,3,11,1,1,4,9,8,1,1,2,37,2
38549,3,2,11001,3,11,1,1,4,9,8,1,1,1,37,1
38586,3,2,11001,3,11,2,1,4,9,6,1,1,1,41,5
38586,3,2,11001,3,11,2,1,4,9,6,1,1,1,93,1
38637,3,2,11001,5,11,2,4,4,9,8,1,1,2,79,1
38637,3,2,11001,5,11,2,4,4,9,8,1,1,1,55,3
38637,3,2,11001,5,11,2,4,4,9,8,1,1,2,82,7
38676,3,2,11001,2,11,1,1,4,9,4,1,2,1,26,1
38676,3,2,11001,2,11,1,1,4,9,4,1,2,2,22,2
38703,3,2,11001,3,11,1,2,4,9,7,1,2,1,11,3
38703,3,2,11001,3,11,1,2,4,9,7,1,2,2,9,3
38703,3,2,11001,3,11,1,2,4,9,7,1,2,2,45,1
38771,3,2,11001,4,11,1,1,4,5,7,1,1,2,40,2
38771,3,2,11001,4,11,1,1,4,5,7,1,1,1,44,1
38827,1,1,11001,1,11,2,3,3,9,5,1,2,1,20,10
38827,1,1,11001,1,11,2,3,3,9,5,1,2,1,30,3
38827,1,1,11001,1,11,2,3,3,9,5,1,2,2,19,3
38827,1,1,11001,1,11,2,3,3,9,5,1,2,2,52,1
38827,1,1,11001,1,11,2,3,3,9,5,1,2,1,51,2
38835,3,1,11001,4,11,2,3,3,9,7,1,1,1,25,1
39060,3,2,11001,2,11,1,1,3,1,6,1,1,2,50,2
39060,3,2,11001,2,11,1,1,3,1,6,1,1,1,42,1
39060,3,2,11001,2,11,1,1,3,1,6,1,1,1,22,3
39060,3,2,11001,2,11,1,1,3,1,6,1,1,1,25,3
39060,3,2,11001,2,11,1,1,3,1,6,1,1,1,17,3
39089,3,2,11001,3,11,1,3,4,9,5,3,2,1,8,3
39089,3,2,11001,3,11,1,3,4,9,5,3,2,2,20,3
39089,3,2,11001,3,11,1,3,4,9,5,3,2,2,38,2
39089,3,2,11001,3,11,1,3,4,9,5,3,2,1,17,3
39089,3,2,11001,3,11,1,3,4,9,5,3,2,2,26,8
39089,3,2,11001,3,11,1,3,4,9,5,3,2,2,7,3
39089,3,2,11001,3,11,1,3,4,9,5,3,2,2,6,8
39089,3,2,11001,3,11,1,3,4,9,5,3,2,1,29,1
39242,3,1,11001,2,11,1,1,5,9,5,1,1,1,57,1
39242,3,1,11001,2,11,1,1,5,9,5,1,1,1,22,3
39242,3,1,11001,2,11,1,1,5,9,5,1,1,1,23,3
39242,3,1,11001,2,11,1,1,5,9,5,1,1,2,55,2
39319,3,2,11001,4,11,2,2,5,5,8,1,1,1,40,1
39319,3,2,11001,4,11,2,2,5,5,8,1,1,2,39,2
39391,3,1,11001,2,11,1,1,3,9,4,1,1,1,59,1
39430,3,2,11001,3,11,2,4,3,9,4,1,2,2,64,6
39430,3,2,11001,3,11,2,4,3,9,4,1,2,2,18,3
39430,3,2,11001,3,11,2,4,3,9,4,1,2,1,57,2
39430,3,2,11001,3,11,2,4,3,9,4,1,2,2,47,1
39430,3,2,11001,3,11,2,4,3,9,4,1,2,2,89,8
39514,3,2,11001,2,11,1,1,4,9,7,1,1,2,20,2
39514,3,2,11001,2,11,1,1,4,9,7,1,1,1,33,1
39565,3,2,11001,2,11,1,1,4,9,5,1,1,2,18,3
39565,3,2,11001,2,11,1,1,4,9,5,1,1,2,65,8
39565,3,2,11001,2,11,1,1,4,9,5,1,1,1,39,1
39577,3,1,11001,4,11,1,1,5,9,7,2,1,1,35,2
39577,3,1,11001,4,11,1,1,5,9,7,2,1,1,39,1
39629,3,2,11001,4,11,1,1,4,9,7,2,1,1,28,1
39719,3,1,11001,4,11,2,3,5,9,5,1,1,1,18,1
39771,3,1,11001,4,11,1,1,5,9,8,2,1,1,32,1
40121,3,2,11001,2,11,1,1,3,9,4,1,1,1,16,3
40121,3,2,11001,2,11,1,1,3,9,4,1,1,2,33,2
40121,3,2,11001,2,11,1,1,3,9,4,1,1,1,14,3
40121,3,2,11001,2,11,1,1,3,9,4,1,1,1,40,1
41281,3,2,11001,2,11,1,1,4,9,3,1,1,1,65,1
41363,3,2,11001,3,11,1,1,4,9,6,1,1,2,20,3
41363,3,2,11001,3,11,1,1,4,9,6,1,1,1,15,3
41363,3,2,11001,3,11,1,1,4,9,6,1,1,2,40,2
41363,3,2,11001,3,11,1,1,4,9,6,1,1,1,50,1
41381,3,2,11001,2,11,2,8,4,9,5,NA,NA,2,50,1
41381,3,2,11001,2,11,2,8,4,9,5,NA,NA,2,17,3
41409,3,2,11001,3,11,1,1,5,9,8,1,2,2,39,2
41409,3,2,11001,3,11,1,1,5,9,8,1,2,2,12,3
41409,3,2,11001,3,11,1,1,5,9,8,1,2,1,41,1
41425,3,2,11001,4,11,1,1,5,9,8,1,2,2,31,1
41434,3,1,11001,1,11,1,1,4,9,3,1,1,1,20,7
41434,3,1,11001,1,11,1,1,4,9,3,1,1,1,28,1
41486,3,1,11001,2,11,1,1,4,9,5,1,1,1,27,5
41486,3,1,11001,2,11,1,1,4,9,5,1,1,1,74,1
41497,3,2,11001,3,11,1,1,4,9,5,1,1,1,58,1
41524,3,1,11001,1,11,2,2,4,9,5,1,1,1,12,3
41524,3,1,11001,1,11,2,2,4,9,5,1,1,1,32,2
41524,3,1,11001,1,11,2,2,4,9,5,1,1,1,18,3
41524,3,1,11001,1,11,2,2,4,9,5,1,1,2,36,1
41558,3,2,11001,4,11,1,1,3,9,7,1,2,2,43,2
41558,3,2,11001,4,11,1,1,3,9,7,1,2,1,42,1
41558,3,2,11001,4,11,1,1,3,9,7,1,2,2,17,3
41572,3,2,11001,1,11,2,2,4,9,4,1,2,1,36,2
41572,3,2,11001,1,11,2,2,4,9,4,1,2,1,18,3
41572,3,2,11001,1,11,2,2,4,9,4,1,2,2,15,3
41572,3,2,11001,1,11,2,2,4,9,4,1,2,2,36,1
41605,3,2,11001,3,11,1,1,3,9,3,1,1,2,2,3
41605,3,2,11001,3,11,1,1,3,9,3,1,1,1,65,1
41605,3,2,11001,3,11,1,1,3,9,3,1,1,2,30,2
41725,3,2,11001,3,11,1,1,4,9,7,1,1,2,68,1
41725,3,2,11001,3,11,1,1,4,9,7,1,1,1,26,5
41809,3,1,11001,3,11,1,1,4,9,5,3,2,2,60,1
41809,3,1,11001,3,11,1,1,4,9,5,3,2,2,19,5
41809,3,1,11001,3,11,1,1,4,9,5,3,2,2,11,5
41809,3,1,11001,3,11,1,1,4,9,5,3,2,2,39,3
41809,3,1,11001,3,11,1,1,4,9,5,3,2,2,3,5
41809,3,1,11001,3,11,1,1,4,9,5,3,2,2,21,3
41819,3,2,11001,3,11,1,1,4,5,5,1,1,2,38,2
41819,3,2,11001,3,11,1,1,4,5,5,1,1,1,7,3
41819,3,2,11001,3,11,1,1,4,5,5,1,1,1,40,1
41835,3,2,11001,4,11,1,1,4,9,7,1,1,1,52,1
41835,3,2,11001,4,11,1,1,4,9,7,1,1,2,40,2
41835,3,2,11001,4,11,1,1,4,9,7,1,1,2,14,3
41912,3,2,11001,3,11,2,2,4,9,7,1,2,2,26,3
41912,3,2,11001,3,11,2,2,4,9,7,1,2,2,52,1
41912,3,2,11001,3,11,2,2,4,9,7,1,2,1,31,3
41940,3,1,11001,3,11,1,1,4,9,5,1,1,1,21,1
41997,3,2,11001,4,11,1,1,4,9,7,1,2,1,9,3
41997,3,2,11001,4,11,1,1,4,9,7,1,2,2,38,1
41997,3,2,11001,4,11,1,1,4,9,7,1,2,2,55,6
42000,3,2,11001,3,11,1,1,4,9,3,1,1,2,53,2
42000,3,2,11001,3,11,1,1,4,9,3,1,1,1,20,3
42000,3,2,11001,3,11,1,1,4,9,3,1,1,1,52,1
42000,3,2,11001,3,11,1,1,4,9,3,1,1,1,28,3
42000,3,2,11001,3,11,1,1,4,9,3,1,1,1,18,5
42000,3,2,11001,3,11,1,1,4,9,3,1,1,2,38,3
42049,3,2,11001,3,11,1,1,5,9,7,1,1,2,67,1
42049,3,2,11001,3,11,1,1,5,9,7,1,1,1,35,3
42111,2,1,11001,3,11,1,1,4,9,6,1,1,2,45,2
42111,2,1,11001,3,11,1,1,4,9,6,1,1,1,27,3
42111,2,1,11001,3,11,1,1,4,9,6,1,1,1,56,1
42173,9,1,11001,4,11,1,1,5,9,8,1,1,1,30,1
42207,3,2,11001,4,11,1,1,4,9,8,1,1,1,29,1
42259,3,2,11001,3,11,1,1,4,9,6,1,1,1,27,3
42259,3,2,11001,3,11,1,1,4,9,6,1,1,1,21,3
42259,3,2,11001,3,11,1,1,4,9,6,1,1,2,47,1
42346,3,2,11001,2,11,1,1,4,9,6,1,1,2,57,2
42346,3,2,11001,2,11,1,1,4,9,6,1,1,2,63,1
42346,3,2,11001,2,11,1,1,4,9,6,1,1,1,30,3
42356,3,2,11001,1,11,1,1,4,9,5,1,1,2,25,2
42356,3,2,11001,1,11,1,1,4,9,5,1,1,1,2,3
42356,3,2,11001,1,11,1,1,4,9,5,1,1,1,27,1
42356,3,2,11001,1,11,1,1,4,9,5,1,1,1,0,3
42381,3,2,11001,3,11,2,7,5,5,5,1,1,1,65,1
42381,3,2,11001,3,11,2,7,5,5,5,1,1,2,11,3
42381,3,2,11001,3,11,2,7,5,5,5,1,1,1,18,3
42381,3,2,11001,3,11,2,7,5,5,5,1,1,2,46,2
42914,3,1,11001,2,11,2,1,3,9,6,2,2,2,41,1
42914,3,1,11001,2,11,2,1,3,9,6,2,2,2,17,3
42914,3,1,11001,2,11,2,1,3,9,6,2,2,2,21,3
42919,3,2,11001,4,11,1,1,5,9,7,1,2,1,34,1
42919,3,2,11001,4,11,1,1,5,9,7,1,2,2,27,2
42919,3,2,11001,4,11,1,1,5,9,7,1,2,1,4,3
42935,3,1,11001,3,11,2,3,4,9,5,1,1,1,22,1
43067,3,2,11001,2,11,1,1,4,9,5,1,1,1,22,3
43067,3,2,11001,2,11,1,1,4,9,5,1,1,2,24,3
43067,3,2,11001,2,11,1,1,4,9,5,1,1,2,54,1
43097,3,2,11001,3,11,2,3,5,9,5,1,2,2,45,1
43097,3,2,11001,3,11,2,3,5,9,5,1,2,2,19,3
43097,3,2,11001,3,11,2,3,5,9,5,1,2,1,50,2
43107,3,1,11001,2,11,1,1,4,9,7,1,1,2,42,1
43107,3,1,11001,2,11,1,1,4,9,7,1,1,1,25,3
43107,3,1,11001,2,11,1,1,4,9,7,1,1,1,40,2
43107,3,1,11001,2,11,1,1,4,9,7,1,1,1,10,3
43107,3,1,11001,2,11,1,1,4,9,7,1,1,1,26,3
43124,3,2,11001,3,11,1,6,5,9,6,1,1,1,36,1
43124,3,2,11001,3,11,1,6,5,9,6,1,1,2,10,3
43261,3,1,11001,3,11,1,1,4,9,6,1,1,1,23,1
43324,3,1,11001,3,11,1,1,4,9,3,1,1,1,39,7
43324,3,1,11001,3,11,1,1,4,9,3,1,1,1,47,1
43330,3,1,11001,2,11,1,1,4,1,7,1,1,1,30,3
43330,3,1,11001,2,11,1,1,4,1,7,1,1,2,22,3
43330,3,1,11001,2,11,1,1,4,1,7,1,1,1,60,1
43330,3,1,11001,2,11,1,1,4,1,7,1,1,2,61,2
43389,3,1,11001,3,11,1,2,4,1,5,1,1,1,22,1
43389,3,1,11001,3,11,1,2,4,1,5,1,1,1,70,6
43392,3,2,11001,1,11,2,2,4,9,5,1,2,2,22,1
43392,3,2,11001,1,11,2,2,4,9,5,1,2,2,4,3
43553,3,2,11001,3,11,1,1,4,9,6,1,1,1,18,3
43553,3,2,11001,3,11,1,1,4,9,6,1,1,2,36,2
43553,3,2,11001,3,11,1,1,4,9,6,1,1,1,39,1
43589,3,1,11001,3,11,2,1,4,9,6,1,1,1,19,5
43589,3,1,11001,3,11,2,1,4,9,6,1,1,1,27,3
43589,3,1,11001,3,11,2,1,4,9,6,1,1,2,33,3
43589,3,1,11001,3,11,2,1,4,9,6,1,1,2,60,1
43589,3,1,11001,3,11,2,1,4,9,6,1,1,1,8,5
43589,3,1,11001,3,11,2,1,4,9,6,1,1,2,39,3
43589,3,1,11001,3,11,2,1,4,9,6,1,1,1,2,5
43653,3,2,11001,5,11,2,3,4,9,5,1,2,2,44,1
43653,3,2,11001,5,11,2,3,4,9,5,1,2,2,23,3
43674,9,2,11001,3,11,1,1,3,9,5,1,1,1,20,3
43674,9,2,11001,3,11,1,1,3,9,5,1,1,2,15,3
43674,9,2,11001,3,11,1,1,3,9,5,1,1,2,46,1
43934,3,1,11001,3,11,1,3,5,9,7,1,1,1,24,10
43934,3,1,11001,3,11,1,3,5,9,7,1,1,1,22,1
43934,3,1,11001,3,11,1,3,5,9,7,1,1,1,19,10
43960,3,2,11001,3,11,1,1,5,9,7,1,2,2,59,2
43960,3,2,11001,3,11,1,1,5,9,7,1,2,2,29,3
43960,3,2,11001,3,11,1,1,5,9,7,1,2,1,61,1
44043,3,2,11001,3,11,1,1,3,9,7,1,1,1,27,1
44430,3,1,11001,1,11,1,1,3,9,4,1,1,1,28,1
45363,3,2,11001,2,11,1,1,4,9,5,1,1,1,35,1
45363,3,2,11001,2,11,1,1,4,9,5,1,1,1,10,3
45363,3,2,11001,2,11,1,1,4,9,5,1,1,1,7,3
45363,3,2,11001,2,11,1,1,4,9,5,1,1,1,19,3
45363,3,2,11001,2,11,1,1,4,9,5,1,1,2,39,2
45363,3,2,11001,2,11,1,1,4,9,5,1,1,2,13,3
45363,3,2,11001,2,11,1,1,4,9,5,1,1,1,13,3
45363,3,2,11001,2,11,1,1,4,9,5,1,1,2,15,3
45535,3,1,11001,2,11,1,1,4,1,6,1,1,1,38,1
45833,3,2,11001,5,11,1,1,5,9,8,1,1,2,30,2
45833,3,2,11001,5,11,1,1,5,9,8,1,1,1,32,1
45833,3,2,11001,5,11,1,1,5,9,8,1,1,2,27,10
45928,3,1,11001,5,11,1,1,4,9,8,1,2,2,29,1
45973,3,2,11001,4,11,2,1,4,9,7,1,2,1,54,1
45973,3,2,11001,4,11,2,1,4,9,7,1,2,2,29,3
45973,3,2,11001,4,11,2,1,4,9,7,1,2,1,27,3
45973,3,2,11001,4,11,2,1,4,9,7,1,2,1,32,3
45973,3,2,11001,4,11,2,1,4,9,7,1,2,2,49,2
46003,3,2,11001,3,11,1,1,4,9,7,1,1,2,80,6
46003,3,2,11001,3,11,1,1,4,9,7,1,1,2,52,1
46003,3,2,11001,3,11,1,1,4,9,7,1,1,1,26,3
46003,3,2,11001,3,11,1,1,4,9,7,1,1,1,90,6
46003,3,2,11001,3,11,1,1,4,9,7,1,1,1,55,2
46023,3,2,11001,4,11,1,1,4,9,7,1,2,2,23,1
46247,3,1,11001,2,11,2,3,3,9,4,NA,NA,2,45,1
46247,3,1,11001,2,11,2,3,3,9,4,NA,NA,1,59,2
46247,3,1,11001,2,11,2,3,3,9,4,NA,NA,2,15,3
46411,3,1,11001,2,11,1,1,4,9,5,1,1,1,33,1
46564,3,2,11001,2,11,1,1,4,9,5,1,1,1,44,2
46564,3,2,11001,2,11,1,1,4,9,5,1,1,2,36,1
46715,3,2,11001,4,11,1,1,5,9,8,1,1,1,47,1
46715,3,2,11001,4,11,1,1,5,9,8,1,1,2,41,2
46715,3,2,11001,4,11,1,1,5,9,8,1,1,1,9,3
46770,3,2,11001,3,11,1,2,5,9,6,1,1,1,54,1
46803,3,2,11001,2,11,1,1,4,5,3,1,1,1,30,3
46803,3,2,11001,2,11,1,1,4,5,3,1,1,2,32,3
46803,3,2,11001,2,11,1,1,4,5,3,1,1,1,62,1
46803,3,2,11001,2,11,1,1,4,5,3,1,1,2,46,2
46805,9,1,11001,3,11,1,1,3,9,8,1,2,1,32,1
46805,9,1,11001,3,11,1,1,3,9,8,1,2,2,31,2
46810,3,2,11001,2,11,1,2,4,9,6,1,1,1,27,1
46944,3,1,11001,2,11,1,1,4,9,7,1,1,2,23,2
46944,3,1,11001,2,11,1,1,4,9,7,1,1,1,28,1
46944,3,1,11001,2,11,1,1,4,9,7,1,1,1,23,10
47099,3,2,11001,3,11,2,3,4,9,6,1,2,2,18,3
47099,3,2,11001,3,11,2,3,4,9,6,1,2,2,36,2
47099,3,2,11001,3,11,2,3,4,9,6,1,2,1,38,1
47099,3,2,11001,3,11,2,3,4,9,6,1,2,2,14,3
47260,3,2,11001,1,11,1,1,2,9,6,1,2,1,25,2
47260,3,2,11001,1,11,1,1,2,9,6,1,2,1,10,3
47260,3,2,11001,1,11,1,1,2,9,6,1,2,2,7,3
47260,3,2,11001,1,11,1,1,2,9,6,1,2,2,29,1
47298,3,2,11001,2,11,2,2,2,9,4,1,1,2,35,3
47298,3,2,11001,2,11,2,2,2,9,4,1,1,1,13,5
47298,3,2,11001,2,11,2,2,2,9,4,1,1,2,71,1
47298,3,2,11001,2,11,2,2,2,9,4,1,1,2,15,5
47298,3,2,11001,2,11,2,2,2,9,4,1,1,1,34,4
47472,3,1,11001,2,11,1,1,3,9,1,1,2,2,9,5
47472,3,1,11001,2,11,1,1,3,9,1,1,2,2,26,3
47472,3,1,11001,2,11,1,1,3,9,1,1,2,2,53,1
47472,3,1,11001,2,11,1,1,3,9,1,1,2,2,4,5
47472,3,1,11001,2,11,1,1,3,9,1,1,2,2,13,3
47472,3,1,11001,2,11,1,1,3,9,1,1,2,1,6,5
47669,3,2,11001,2,11,1,1,3,9,5,1,1,1,56,1
47669,3,2,11001,2,11,1,1,3,9,5,1,1,2,58,2
47773,3,2,11001,6,11,1,1,4,9,8,1,2,2,45,2
47773,3,2,11001,6,11,1,1,4,9,8,1,2,1,52,1
47773,3,2,11001,6,11,1,1,4,9,8,1,2,1,14,3
47776,3,2,11001,3,11,1,1,4,9,8,1,1,1,37,1
47812,3,1,11001,6,11,2,3,5,9,7,1,1,1,27,3
47812,3,1,11001,6,11,2,3,5,9,7,1,1,2,66,2
47812,3,1,11001,6,11,2,3,5,9,7,1,1,1,69,1
47830,3,1,11001,1,11,2,2,4,9,5,1,1,1,45,3
47830,3,1,11001,1,11,2,2,4,9,5,1,1,2,57,1
47830,3,1,11001,1,11,2,2,4,9,5,1,1,2,39,7
47858,3,2,11001,1,11,1,1,4,9,5,1,1,2,30,2
47858,3,2,11001,1,11,1,1,4,9,5,1,1,1,34,1
47858,3,2,11001,1,11,1,1,4,9,5,1,1,2,8,3
47860,3,1,11001,1,11,2,2,4,9,4,1,2,2,19,1
47860,3,1,11001,1,11,2,2,4,9,4,1,2,1,18,7
47891,3,2,11001,3,11,1,4,4,9,7,1,2,2,46,1
47891,3,2,11001,3,11,1,4,4,9,7,1,2,2,22,3
47891,3,2,11001,3,11,1,4,4,9,7,1,2,2,24,3
47913,3,2,11001,3,11,2,3,4,9,7,1,2,2,21,1
47913,3,2,11001,3,11,2,3,4,9,7,1,2,2,24,7
47967,3,1,11001,2,11,2,7,3,9,5,2,1,2,47,1
47967,3,1,11001,2,11,2,7,3,9,5,2,1,1,22,3
47967,3,1,11001,2,11,2,7,3,9,5,2,1,1,24,3
47967,3,1,11001,2,11,2,7,3,9,5,2,1,1,21,3
47968,1,1,11001,3,11,2,3,4,9,7,1,2,2,40,1
47968,1,1,11001,3,11,2,3,4,9,7,1,2,2,23,3
47968,1,1,11001,3,11,2,3,4,9,7,1,2,1,25,3
48658,3,2,11001,2,11,2,3,4,9,6,1,2,1,30,1
48658,3,2,11001,2,11,2,3,4,9,6,1,2,1,12,3
48658,3,2,11001,2,11,2,3,4,9,6,1,2,2,30,2
48658,3,2,11001,2,11,2,3,4,9,6,1,2,1,9,3
48739,3,1,11001,3,11,2,2,3,9,7,1,1,2,51,1
48739,3,1,11001,3,11,2,2,3,9,7,1,1,1,27,3
48739,3,1,11001,3,11,2,2,3,9,7,1,1,1,29,3
48754,3,2,11001,4,11,1,1,5,9,7,1,1,1,32,10
48754,3,2,11001,4,11,1,1,5,9,7,1,1,1,33,1
48754,3,2,11001,4,11,1,1,5,9,7,1,1,1,31,10
48818,3,2,11001,1,11,2,2,4,9,7,1,2,2,29,3
48818,3,2,11001,1,11,2,2,4,9,7,1,2,1,23,3
48818,3,2,11001,1,11,2,2,4,9,7,1,2,1,20,3
48818,3,2,11001,1,11,2,2,4,9,7,1,2,2,56,1
48821,3,2,11001,4,11,1,1,5,9,8,1,1,1,51,1
48857,3,1,11001,4,11,1,1,4,9,8,1,2,2,29,1
48900,3,2,11001,2,11,2,4,3,9,6,1,2,2,57,2
48900,3,2,11001,2,11,2,4,3,9,6,1,2,1,54,1
48935,3,1,11001,3,11,1,1,4,5,6,1,1,2,30,2
48935,3,1,11001,3,11,1,1,4,5,6,1,1,1,40,1
48935,3,1,11001,3,11,1,1,4,5,6,1,1,2,2,3
48935,3,1,11001,3,11,1,1,4,5,6,1,1,2,9,3
48983,3,2,11001,2,11,1,1,4,9,7,1,2,1,32,2
48983,3,2,11001,2,11,1,1,4,9,7,1,2,2,28,1
48998,3,2,11001,3,11,1,1,4,9,7,1,2,2,78,2
48998,3,2,11001,3,11,1,1,4,9,7,1,2,1,84,1
48998,3,2,11001,3,11,1,1,4,9,7,1,2,1,53,3
49061,2,1,11001,4,11,1,6,4,9,8,1,1,2,76,6
49061,2,1,11001,4,11,1,6,4,9,8,1,1,1,55,1
49113,3,2,11001,4,11,2,1,4,9,6,1,2,2,31,3
49113,3,2,11001,4,11,2,1,4,9,6,1,2,1,58,1
49113,3,2,11001,4,11,2,1,4,9,6,1,2,2,58,2
49113,3,2,11001,4,11,2,1,4,9,6,1,2,1,25,3
49266,3,1,11001,3,11,1,1,5,9,8,4,4,2,13,3
49266,3,1,11001,3,11,1,1,5,9,8,4,4,2,52,2
49266,3,1,11001,3,11,1,1,5,9,8,4,4,1,62,1
49266,3,1,11001,3,11,1,1,5,9,8,4,4,2,25,3
49340,3,2,11001,3,11,2,3,4,9,5,1,1,1,18,3
49340,3,2,11001,3,11,2,3,4,9,5,1,1,2,46,1
49777,3,2,11001,4,11,1,1,5,9,7,1,1,1,23,1
49812,3,2,11001,5,11,2,4,3,9,7,1,2,1,31,3
49812,3,2,11001,5,11,2,4,3,9,7,1,2,2,33,3
49812,3,2,11001,5,11,2,4,3,9,7,1,2,2,65,2
49812,3,2,11001,5,11,2,4,3,9,7,1,2,1,67,1
49851,3,1,11001,2,11,1,1,4,9,7,2,1,1,51,2
49851,3,1,11001,2,11,1,1,4,9,7,2,1,2,50,1
49851,3,1,11001,2,11,1,1,4,9,7,2,1,2,24,3
49851,3,1,11001,2,11,1,1,4,9,7,2,1,1,25,3
49851,3,1,11001,2,11,1,1,4,9,7,2,1,1,3,5
49878,3,2,11001,4,11,1,4,5,9,7,1,2,2,60,6
49878,3,2,11001,4,11,1,4,5,9,7,1,2,2,23,1
49915,3,1,11001,4,11,1,1,5,9,5,1,1,1,35,1
49915,3,1,11001,4,11,1,1,5,9,5,1,1,1,33,10
49915,3,1,11001,4,11,1,1,5,9,5,1,1,1,32,10
49935,3,1,11001,4,11,2,3,4,9,5,1,1,1,30,1
49980,3,1,11001,3,11,1,1,4,9,7,1,1,2,27,10
49980,3,1,11001,3,11,1,1,4,9,7,1,1,1,31,1
50003,3,1,11001,3,11,1,1,5,9,7,1,1,2,31,2
50003,3,1,11001,3,11,1,1,5,9,7,1,1,1,32,1
50012,3,2,11001,3,11,1,1,4,9,5,1,1,1,26,1
50098,3,2,11001,3,11,2,3,4,1,7,2,1,1,39,2
50098,3,2,11001,3,11,2,3,4,1,7,2,1,1,37,1
50114,3,1,11001,4,11,1,3,4,9,5,3,2,2,23,1
50124,3,2,11001,3,11,1,1,4,9,7,1,1,1,30,1
50178,3,2,11001,6,11,1,1,5,9,7,1,1,1,5,3
50178,3,2,11001,6,11,1,1,5,9,7,1,1,2,2,3
50178,3,2,11001,6,11,1,1,5,9,7,1,1,2,37,2
50178,3,2,11001,6,11,1,1,5,9,7,1,1,1,38,1
50179,2,1,11001,3,11,2,3,5,9,7,1,1,2,38,2
50179,2,1,11001,3,11,2,3,5,9,7,1,1,1,44,1
50179,2,1,11001,3,11,2,3,5,9,7,1,1,2,12,3
50179,2,1,11001,3,11,2,3,5,9,7,1,1,1,18,3
50197,3,1,11001,5,11,1,1,4,9,7,1,1,1,27,10
50197,3,1,11001,5,11,1,1,4,9,7,1,1,1,28,1
50234,3,1,11001,3,11,1,1,4,5,7,1,1,1,38,1
50234,3,1,11001,3,11,1,1,4,5,7,1,1,1,37,7
50234,3,1,11001,3,11,1,1,4,5,7,1,1,1,60,6
50234,3,1,11001,3,11,1,1,4,5,7,1,1,2,33,2
50396,3,1,11001,4,11,1,1,4,9,8,1,2,2,17,7
50396,3,1,11001,4,11,1,1,4,9,8,1,2,2,31,1
50396,3,1,11001,4,11,1,1,4,9,8,1,2,1,19,8
50418,3,2,11001,3,11,1,1,4,9,6,1,2,1,22,10
50418,3,2,11001,3,11,1,1,4,9,6,1,2,2,21,10
50418,3,2,11001,3,11,1,1,4,9,6,1,2,2,29,1
50419,9,2,11001,4,11,1,1,3,9,8,1,2,2,43,1
50424,2,1,11001,3,11,1,1,4,9,8,1,1,1,43,10
50424,2,1,11001,3,11,1,1,4,9,8,1,1,1,32,1
50463,3,2,11001,5,11,1,1,4,9,8,1,1,1,57,1
50472,3,2,11001,4,11,2,3,4,9,7,1,1,1,25,1
50544,2,1,11001,4,11,1,1,4,1,7,3,1,1,28,8
50544,2,1,11001,4,11,1,1,4,1,7,3,1,1,34,7
50544,2,1,11001,4,11,1,1,4,1,7,3,1,2,37,1
50544,2,1,11001,4,11,1,1,4,1,7,3,1,1,24,8
50569,3,1,11001,4,11,1,1,5,9,8,1,1,2,37,2
50569,3,1,11001,4,11,1,1,5,9,8,1,1,1,36,1
50576,3,2,11001,4,11,1,1,3,9,7,1,1,2,84,6
50576,3,2,11001,4,11,1,1,3,9,7,1,1,1,61,1
50590,3,1,11001,3,11,1,1,5,9,7,1,2,2,40,2
50590,3,1,11001,3,11,1,1,5,9,7,1,2,1,44,1
50590,3,1,11001,3,11,1,1,5,9,7,1,2,1,4,3
50803,3,2,11001,4,11,1,1,4,9,8,2,2,2,33,4
50803,3,2,11001,4,11,1,1,4,9,8,2,2,2,35,3
50803,3,2,11001,4,11,1,1,4,9,8,2,2,2,62,1
50975,9,2,11001,5,11,1,1,4,9,8,1,1,1,40,1
51050,3,2,11001,4,11,1,1,4,9,7,1,1,1,48,1
51115,3,2,11001,4,11,1,1,4,9,7,1,1,1,27,3
51115,3,2,11001,4,11,1,1,4,9,7,1,1,2,66,1
51130,1,1,11001,4,11,1,1,5,9,7,1,1,2,44,2
51130,1,1,11001,4,11,1,1,5,9,7,1,1,1,54,1
51130,1,1,11001,4,11,1,1,5,9,7,1,1,1,20,3
51130,1,1,11001,4,11,1,1,5,9,7,1,1,1,16,3
51130,1,1,11001,4,11,1,1,5,9,7,1,1,1,14,3
51139,2,1,11001,4,11,1,2,5,9,8,1,2,2,30,3
51139,2,1,11001,4,11,1,2,5,9,8,1,2,2,68,1
51160,3,2,11001,4,11,1,1,4,9,8,1,2,2,47,1
51249,3,2,11001,4,11,1,2,4,9,8,1,1,1,41,1
51249,3,2,11001,4,11,1,2,4,9,8,1,1,2,36,2
53517,3,2,11001,4,11,1,6,4,9,6,1,1,1,53,1
53518,3,1,11001,4,11,2,2,3,9,6,1,2,2,62,1
53518,3,1,11001,4,11,2,2,3,9,6,1,2,2,23,3
53518,3,1,11001,4,11,2,2,3,9,6,1,2,2,21,3
53533,3,1,11001,4,11,1,3,4,9,7,1,2,2,23,3
53533,3,1,11001,4,11,1,3,4,9,7,1,2,2,37,1
53533,3,1,11001,4,11,1,3,4,9,7,1,2,1,54,2
53533,3,1,11001,4,11,1,3,4,9,7,1,2,1,19,3
53533,3,1,11001,4,11,1,3,4,9,7,1,2,1,12,3
53533,3,1,11001,4,11,1,3,4,9,7,1,2,1,18,3
53551,3,1,11001,4,11,1,1,4,9,7,1,2,2,26,10
53551,3,1,11001,4,11,1,1,4,9,7,1,2,2,28,1
53567,3,2,11001,2,11,2,2,4,9,5,1,2,1,19,5
53567,3,2,11001,2,11,2,2,4,9,5,1,2,2,34,3
53567,3,2,11001,2,11,2,2,4,9,5,1,2,1,38,4
53567,3,2,11001,2,11,2,2,4,9,5,1,2,2,69,1
53567,3,2,11001,2,11,2,2,4,9,5,1,2,2,4,5
53567,3,2,11001,2,11,2,2,4,9,5,1,2,1,8,5
53567,3,2,11001,2,11,2,2,4,9,5,1,2,1,7,5
53567,3,2,11001,2,11,2,2,4,9,5,1,2,2,37,3
53567,3,2,11001,2,11,2,2,4,9,5,1,2,1,0,5
53567,3,2,11001,2,11,2,2,4,9,5,1,2,1,17,5
53567,3,2,11001,2,11,2,2,4,9,5,1,2,2,34,3
53580,2,1,11001,2,11,1,1,4,9,6,1,2,2,29,1
53589,3,2,11001,2,11,2,3,4,9,4,NA,NA,1,17,3
53589,3,2,11001,2,11,2,3,4,9,4,NA,NA,1,19,3
53589,3,2,11001,2,11,2,3,4,9,4,NA,NA,2,25,3
53589,3,2,11001,2,11,2,3,4,9,4,NA,NA,1,22,3
53589,3,2,11001,2,11,2,3,4,9,4,NA,NA,1,42,1
53589,3,2,11001,2,11,2,3,4,9,4,NA,NA,2,42,2
53598,3,2,11001,6,11,2,4,5,9,7,1,2,2,33,2
53598,3,2,11001,6,11,2,4,5,9,7,1,2,1,35,1
53598,3,2,11001,6,11,2,4,5,9,7,1,2,1,0,3
53598,3,2,11001,6,11,2,4,5,9,7,1,2,1,2,3
53598,3,2,11001,6,11,2,4,5,9,7,1,2,1,5,3
53624,3,2,11001,2,11,1,1,4,9,5,1,1,2,51,2
53624,3,2,11001,2,11,1,1,4,9,5,1,1,1,31,3
53624,3,2,11001,2,11,1,1,4,9,5,1,1,1,55,1
53624,3,2,11001,2,11,1,1,4,9,5,1,1,2,28,3
53624,3,2,11001,2,11,1,1,4,9,5,1,1,1,12,5
53625,3,2,11001,6,11,1,1,4,9,8,1,2,2,29,7
53625,3,2,11001,6,11,1,1,4,9,8,1,2,2,28,1
53627,3,2,11001,5,11,1,4,5,9,7,1,2,1,68,1
53627,3,2,11001,5,11,1,4,5,9,7,1,2,2,64,2
53692,3,2,11001,6,11,1,1,4,9,8,1,2,1,8,3
53692,3,2,11001,6,11,1,1,4,9,8,1,2,1,44,1
53692,3,2,11001,6,11,1,1,4,9,8,1,2,2,44,2
53707,3,1,11001,6,11,1,1,4,9,7,1,1,1,48,1
53761,3,2,11001,4,11,1,1,4,9,8,1,1,2,35,4
53761,3,2,11001,4,11,1,1,4,9,8,1,1,2,66,2
53761,3,2,11001,4,11,1,1,4,9,8,1,1,2,4,6
53761,3,2,11001,4,11,1,1,4,9,8,1,1,1,68,1
53761,3,2,11001,4,11,1,1,4,9,8,1,1,2,19,6
53761,3,2,11001,4,11,1,1,4,9,8,1,1,1,39,3
53784,3,1,11001,4,11,1,3,4,9,5,1,2,2,20,1
53791,3,2,11001,3,11,1,1,4,9,5,1,1,1,0,3
53791,3,2,11001,3,11,1,1,4,9,5,1,1,1,30,1
53791,3,2,11001,3,11,1,1,4,9,5,1,1,1,8,3
53791,3,2,11001,3,11,1,1,4,9,5,1,1,2,36,2
53807,1,1,11001,3,11,1,1,3,9,5,3,2,2,20,3
53807,1,1,11001,3,11,1,1,3,9,5,3,2,1,66,1
53830,3,2,11001,3,11,2,4,4,9,7,1,2,2,56,1
53830,3,2,11001,3,11,2,4,4,9,7,1,2,2,26,3
53830,3,2,11001,3,11,2,4,4,9,7,1,2,2,28,3
53840,3,1,11001,3,11,1,1,4,9,7,1,1,1,55,1
53845,2,1,11001,5,11,1,3,5,9,8,3,2,2,24,1
53873,3,1,11001,4,11,2,3,5,9,7,1,1,1,19,3
53873,3,1,11001,4,11,2,3,5,9,7,1,1,2,23,3
53873,3,1,11001,4,11,2,3,5,9,7,1,1,2,58,2
53873,3,1,11001,4,11,2,3,5,9,7,1,1,1,64,1
53873,3,1,11001,4,11,2,3,5,9,7,1,1,2,21,3
53944,3,2,11001,5,11,1,1,4,9,7,1,2,2,58,1
53944,3,2,11001,5,11,1,1,4,9,7,1,2,1,30,3
53948,3,2,11001,3,11,1,1,4,9,5,1,2,2,50,1
53948,3,2,11001,3,11,1,1,4,9,5,1,2,1,39,3
53948,3,2,11001,3,11,1,1,4,9,5,1,2,2,31,3
53966,3,2,11001,3,11,1,1,4,9,7,1,1,1,77,1
53966,3,2,11001,3,11,1,1,4,9,7,1,1,2,22,5
53966,3,2,11001,3,11,1,1,4,9,7,1,1,2,68,2
53973,3,1,11001,5,11,2,3,5,9,7,1,2,2,62,1
53973,3,1,11001,5,11,2,3,5,9,7,1,2,2,24,10
53973,3,1,11001,5,11,2,3,5,9,7,1,2,2,59,7
53973,3,1,11001,5,11,2,3,5,9,7,1,2,1,66,7
53973,3,1,11001,5,11,2,3,5,9,7,1,2,2,59,4
54008,3,1,11001,2,11,2,3,4,9,5,1,1,2,45,2
54008,3,1,11001,2,11,2,3,4,9,5,1,1,1,22,3
54008,3,1,11001,2,11,2,3,4,9,5,1,1,1,48,1
54008,3,1,11001,2,11,2,3,4,9,5,1,1,2,27,3
54020,3,2,11001,2,11,1,1,4,9,4,1,1,1,48,1
54028,3,2,11001,2,11,2,2,5,9,5,1,2,1,23,1
54028,3,2,11001,2,11,2,2,5,9,5,1,2,2,18,2
54045,3,1,11001,2,11,1,1,4,9,6,1,2,1,30,1
54045,3,1,11001,2,11,1,1,4,9,6,1,2,2,7,3
54045,3,1,11001,2,11,1,1,4,9,6,1,2,2,29,2
54045,3,1,11001,2,11,1,1,4,9,6,1,2,1,9,3
54074,3,2,11001,4,11,2,2,5,9,7,1,1,2,55,1
54074,3,2,11001,4,11,2,2,5,9,7,1,1,1,26,3
54074,3,2,11001,4,11,2,2,5,9,7,1,1,1,57,2
54079,3,2,11001,4,11,1,1,4,9,7,1,1,2,38,2
54079,3,2,11001,4,11,1,1,4,9,7,1,1,1,41,1
54116,3,2,11001,2,11,1,1,4,9,3,1,1,1,63,1
54121,2,1,11001,3,11,1,1,4,9,8,1,2,1,13,3
54121,2,1,11001,3,11,1,1,4,9,8,1,2,1,16,3
54121,2,1,11001,3,11,1,1,4,9,8,1,2,2,42,1
54146,3,2,11001,2,11,2,4,4,9,6,1,2,1,20,3
54146,3,2,11001,2,11,2,4,4,9,6,1,2,2,29,4
54146,3,2,11001,2,11,2,4,4,9,6,1,2,2,40,1
54146,3,2,11001,2,11,2,4,4,9,6,1,2,2,18,3
54157,2,1,11001,6,11,1,1,4,9,8,1,1,2,49,2
54157,2,1,11001,6,11,1,1,4,9,8,1,1,1,61,1
54204,3,2,11001,3,11,2,4,4,9,3,1,2,2,9,4
54204,3,2,11001,3,11,2,4,4,9,3,1,2,2,65,2
54204,3,2,11001,3,11,2,4,4,9,3,1,2,1,5,5
54204,3,2,11001,3,11,2,4,4,9,3,1,2,2,25,3
54204,3,2,11001,3,11,2,4,4,9,3,1,2,1,62,1
54204,3,2,11001,3,11,2,4,4,9,3,1,2,1,27,4
54205,3,2,11001,2,11,2,2,4,9,5,1,1,1,18,3
54205,3,2,11001,2,11,2,2,4,9,5,1,1,1,28,3
54205,3,2,11001,2,11,2,2,4,9,5,1,1,2,55,1
54237,3,1,11001,3,11,1,1,4,9,6,1,1,1,22,3
54237,3,1,11001,3,11,1,1,4,9,6,1,1,2,39,1
54237,3,1,11001,3,11,1,1,4,9,6,1,1,1,17,3
54306,3,1,11001,5,11,2,3,5,9,7,3,1,1,27,1
54330,3,2,11001,5,11,1,1,5,9,8,1,1,2,42,1
54346,3,2,11001,2,11,2,3,4,9,7,1,1,1,28,3
54346,3,2,11001,2,11,2,3,4,9,7,1,1,1,55,2
54346,3,2,11001,2,11,2,3,4,9,7,1,1,1,27,3
54346,3,2,11001,2,11,2,3,4,9,7,1,1,2,55,1
54421,3,2,11001,3,11,1,1,4,9,8,2,2,2,37,1
54421,3,2,11001,3,11,1,1,4,9,8,2,2,2,37,2
54463,3,2,11001,3,11,1,1,2,9,4,1,1,2,85,1
54463,3,2,11001,3,11,1,1,2,9,4,1,1,1,56,3
54463,3,2,11001,3,11,1,1,2,9,4,1,1,1,54,3
54544,3,2,11001,4,11,1,3,4,9,5,1,1,1,26,1
54556,3,1,11001,4,11,2,3,4,9,7,1,2,2,22,3
54556,3,1,11001,4,11,2,3,4,9,7,1,2,2,25,3
54556,3,1,11001,4,11,2,3,4,9,7,1,2,1,20,3
54556,3,1,11001,4,11,2,3,4,9,7,1,2,1,52,1
54556,3,1,11001,4,11,2,3,4,9,7,1,2,2,47,2
54611,3,2,11001,5,11,1,1,3,9,8,1,1,2,35,2
54611,3,2,11001,5,11,1,1,3,9,8,1,1,1,36,1
54651,3,2,11001,3,11,2,4,5,5,7,1,1,2,46,1
54651,3,2,11001,3,11,2,4,5,5,7,1,1,1,48,2
54651,3,2,11001,3,11,2,4,5,5,7,1,1,1,19,3
54651,3,2,11001,3,11,2,4,5,5,7,1,1,1,17,3
54669,3,2,11001,4,11,2,2,4,9,6,1,2,2,46,3
54669,3,2,11001,4,11,2,2,4,9,6,1,2,2,24,5
54669,3,2,11001,4,11,2,2,4,9,6,1,2,1,80,1
54700,3,2,11001,6,11,1,1,5,9,7,1,1,1,48,2
54700,3,2,11001,6,11,1,1,5,9,7,1,1,1,8,3
54700,3,2,11001,6,11,1,1,5,9,7,1,1,1,53,1
54705,3,1,11001,3,11,2,7,4,9,5,1,1,1,53,1
54705,3,1,11001,3,11,2,7,4,9,5,1,1,2,55,2
54705,3,1,11001,3,11,2,7,4,9,5,1,1,1,20,3
54721,3,2,11001,6,11,1,8,5,9,8,1,1,1,56,1
54724,3,2,11001,6,11,1,1,5,9,7,1,2,2,11,3
54724,3,2,11001,6,11,1,1,5,9,7,1,2,2,50,1
54724,3,2,11001,6,11,1,1,5,9,7,1,2,1,10,3
54766,3,2,11001,2,11,1,1,4,9,5,1,2,2,42,1
54766,3,2,11001,2,11,1,1,4,9,5,1,2,1,11,3
54819,3,1,11001,3,11,2,4,4,9,5,1,1,2,62,2
54819,3,1,11001,3,11,2,4,4,9,5,1,1,1,27,3
54819,3,1,11001,3,11,2,4,4,9,5,1,1,1,61,1
54903,3,1,11001,3,11,1,1,5,9,7,3,1,1,29,1
54903,3,1,11001,3,11,1,1,5,9,7,3,1,2,26,8
54938,3,2,11001,3,11,2,3,1,9,5,1,1,2,45,1
54938,3,2,11001,3,11,2,3,1,9,5,1,1,2,20,3
54938,3,2,11001,3,11,2,3,1,9,5,1,1,1,19,3
54939,3,1,11001,3,11,1,1,4,9,6,1,1,1,27,1
54939,3,1,11001,3,11,1,1,4,9,6,1,1,2,30,7
54963,3,2,11001,4,11,1,1,3,9,7,1,2,2,24,3
54963,3,2,11001,4,11,1,1,3,9,7,1,2,2,53,1
54979,3,2,11001,5,11,1,6,4,9,7,1,1,1,45,1
54979,3,2,11001,5,11,1,6,4,9,7,1,1,2,45,2
54986,3,2,11001,5,11,1,1,4,9,8,1,1,2,70,1
54986,3,2,11001,5,11,1,1,4,9,8,1,1,1,40,3
54992,3,2,11001,5,11,1,8,5,9,8,1,2,2,16,2
54992,3,2,11001,5,11,1,8,5,9,8,1,2,2,41,1
55029,3,1,11001,2,11,1,1,3,9,3,3,2,1,4,3
55029,3,1,11001,2,11,1,1,3,9,3,3,2,2,29,2
55029,3,1,11001,2,11,1,1,3,9,3,3,2,2,0,3
55029,3,1,11001,2,11,1,1,3,9,3,3,2,1,23,1
55036,3,2,11001,2,11,1,1,4,9,5,1,1,1,48,10
55036,3,2,11001,2,11,1,1,4,9,5,1,1,1,38,1
55053,3,2,11001,5,11,1,1,4,9,8,1,1,2,42,2
55053,3,2,11001,5,11,1,1,4,9,8,1,1,2,6,3
55053,3,2,11001,5,11,1,1,4,9,8,1,1,1,43,1
55067,3,2,11001,3,11,1,1,4,9,5,1,1,1,30,1
55079,3,1,11001,4,11,1,1,4,9,7,1,2,2,29,1
55079,3,1,11001,4,11,1,1,4,9,7,1,2,1,28,2
55092,3,2,11001,4,11,1,1,4,9,7,1,2,2,37,1
55092,3,2,11001,4,11,1,1,4,9,7,1,2,1,30,7
55093,3,2,11001,2,11,1,1,4,9,4,1,1,2,38,2
55093,3,2,11001,2,11,1,1,4,9,4,1,1,2,13,3
55093,3,2,11001,2,11,1,1,4,9,4,1,1,1,29,1
55093,3,2,11001,2,11,1,1,4,9,4,1,1,1,21,3
55093,3,2,11001,2,11,1,1,4,9,4,1,1,1,19,3
55093,3,2,11001,2,11,1,1,4,9,4,1,1,2,1,3
55093,3,2,11001,2,11,1,1,4,9,4,1,1,1,6,3
55095,3,2,11001,3,11,1,3,4,9,5,1,2,1,31,2
55095,3,2,11001,3,11,1,3,4,9,5,1,2,2,21,1
55105,3,2,11001,2,11,1,1,5,9,6,1,2,2,0,3
55105,3,2,11001,2,11,1,1,5,9,6,1,2,1,31,1
55105,3,2,11001,2,11,1,1,5,9,6,1,2,2,29,2
55167,3,2,11001,3,11,2,3,5,9,7,1,1,1,23,1
55176,2,1,11001,2,11,2,2,5,9,4,1,2,2,21,1
55214,3,1,11001,1,11,1,1,3,9,6,1,1,1,60,1
55218,3,2,11001,4,11,1,1,4,9,8,1,1,2,21,3
55218,3,2,11001,4,11,1,1,4,9,8,1,1,2,36,2
55218,3,2,11001,4,11,1,1,4,9,8,1,1,1,42,1
55218,3,2,11001,4,11,1,1,4,9,8,1,1,1,4,3
55243,3,2,11001,3,11,1,1,4,9,7,1,1,1,56,1
55243,3,2,11001,3,11,1,1,4,9,7,1,1,1,28,3
55243,3,2,11001,3,11,1,1,4,9,7,1,1,2,53,2
55277,3,1,11001,4,11,1,1,3,9,4,1,2,1,31,1
55278,3,1,11001,NA,11,2,3,5,9,7,1,1,1,49,1
55278,3,1,11001,NA,11,2,3,5,9,7,1,1,1,22,3
55278,3,1,11001,NA,11,2,3,5,9,7,1,1,2,12,3
55278,3,1,11001,NA,11,2,3,5,9,7,1,1,2,41,2
55345,3,1,11001,3,11,1,1,4,9,7,1,1,1,69,1
55345,3,1,11001,3,11,1,1,4,9,7,1,1,1,30,3
55345,3,1,11001,3,11,1,1,4,9,7,1,1,2,68,2
55361,3,1,11001,4,11,1,1,5,9,7,1,2,2,26,5
55361,3,1,11001,4,11,1,1,5,9,7,1,2,1,31,1
55384,3,2,11001,3,11,1,1,4,5,5,1,1,2,24,3
55384,3,2,11001,3,11,1,1,4,5,5,1,1,2,49,2
55384,3,2,11001,3,11,1,1,4,5,5,1,1,1,57,1
55384,3,2,11001,3,11,1,1,4,5,5,1,1,1,22,3
55391,3,2,11001,3,11,1,6,3,9,3,1,1,1,65,1
55400,2,1,11001,3,11,2,8,5,9,5,1,1,2,21,3
55400,2,1,11001,3,11,2,8,5,9,5,1,1,1,53,1
55400,2,1,11001,3,11,2,8,5,9,5,1,1,1,18,3
55400,2,1,11001,3,11,2,8,5,9,5,1,1,2,53,2
55409,3,2,11001,3,11,1,1,5,9,7,1,1,1,49,1
55414,9,2,11001,3,11,1,1,5,9,7,1,2,2,25,3
55414,9,2,11001,3,11,1,1,5,9,7,1,2,1,64,1
55414,9,2,11001,3,11,1,1,5,9,7,1,2,2,21,3
55414,9,2,11001,3,11,1,1,5,9,7,1,2,2,56,2
55432,3,2,11001,4,11,2,4,4,9,7,1,2,1,19,3
55432,3,2,11001,4,11,2,4,4,9,7,1,2,2,40,2
55432,3,2,11001,4,11,2,4,4,9,7,1,2,1,45,1
55433,3,1,11001,3,11,1,1,3,1,4,1,1,2,8,5
55433,3,1,11001,3,11,1,1,3,1,4,1,1,1,23,3
55433,3,1,11001,3,11,1,1,3,1,4,1,1,2,57,1
55471,9,2,11001,3,11,1,1,4,9,6,1,1,2,63,1
55471,9,2,11001,3,11,1,1,4,9,6,1,1,1,37,3
55471,9,2,11001,3,11,1,1,4,9,6,1,1,1,3,5
55471,9,2,11001,3,11,1,1,4,9,6,1,1,1,70,2
55471,9,2,11001,3,11,1,1,4,9,6,1,1,1,34,4
55476,3,2,11001,2,11,2,2,3,9,4,1,1,1,2,3
55476,3,2,11001,2,11,2,2,3,9,4,1,1,1,56,1
55476,3,2,11001,2,11,2,2,3,9,4,1,1,2,3,3
55476,3,2,11001,2,11,2,2,3,9,4,1,1,1,21,3
55476,3,2,11001,2,11,2,2,3,9,4,1,1,1,40,2
55476,3,2,11001,2,11,2,2,3,9,4,1,1,2,12,3
55514,3,2,11001,3,11,1,1,4,9,7,1,1,1,30,7
55514,3,2,11001,3,11,1,1,4,9,7,1,1,2,69,6
55514,3,2,11001,3,11,1,1,4,9,7,1,1,1,54,1
55514,3,2,11001,3,11,1,1,4,9,7,1,1,2,11,8
55537,3,2,11001,3,11,1,1,4,9,5,1,1,1,41,2
55537,3,2,11001,3,11,1,1,4,9,5,1,1,1,34,7
55537,3,2,11001,3,11,1,1,4,9,5,1,1,2,50,6
55537,3,2,11001,3,11,1,1,4,9,5,1,1,2,36,1
55537,3,2,11001,3,11,1,1,4,9,5,1,1,2,8,3
55537,3,2,11001,3,11,1,1,4,9,5,1,1,1,60,6
55537,3,2,11001,3,11,1,1,4,9,5,1,1,2,4,3
55546,3,1,11001,4,11,2,8,4,9,7,1,1,1,63,1
55546,3,1,11001,4,11,2,8,4,9,7,1,1,1,20,3
55546,3,1,11001,4,11,2,8,4,9,7,1,1,2,50,8
55546,3,1,11001,4,11,2,8,4,9,7,1,1,2,52,2
55557,9,1,11001,3,11,1,1,4,9,7,3,1,1,30,1
55559,3,2,11001,1,11,2,2,4,9,5,1,1,1,38,10
55559,3,2,11001,1,11,2,2,4,9,5,1,1,1,22,8
55559,3,2,11001,1,11,2,2,4,9,5,1,1,1,52,1
55559,3,2,11001,1,11,2,2,4,9,5,1,1,1,50,10
55610,3,1,11001,2,11,2,2,3,9,6,1,2,2,27,4
55610,3,1,11001,2,11,2,2,3,9,6,1,2,2,33,3
55610,3,1,11001,2,11,2,2,3,9,6,1,2,2,25,3
55610,3,1,11001,2,11,2,2,3,9,6,1,2,1,23,3
55610,3,1,11001,2,11,2,2,3,9,6,1,2,2,61,1
55617,3,1,11001,4,11,1,1,5,9,7,1,1,1,40,1
55671,3,1,11001,3,11,1,1,5,9,7,2,1,1,24,1
55701,9,2,11001,2,11,1,1,4,9,5,1,2,2,25,1
55701,9,2,11001,2,11,1,1,4,9,5,1,2,2,0,3
55701,9,2,11001,2,11,1,1,4,9,5,1,2,1,0,3
55722,3,2,11001,2,11,1,1,4,9,7,1,1,1,27,1
55722,3,2,11001,2,11,1,1,4,9,7,1,1,1,25,7
55727,3,2,11001,6,11,1,1,4,9,8,1,2,2,31,1
55727,3,2,11001,6,11,1,1,4,9,8,1,2,1,32,2
55740,3,2,11001,2,11,1,1,5,9,6,1,1,1,37,3
55740,3,2,11001,2,11,1,1,5,9,6,1,1,2,59,1
55740,3,2,11001,2,11,1,1,5,9,6,1,1,1,45,2
55740,3,2,11001,2,11,1,1,5,9,6,1,1,1,45,10
55744,3,2,11001,2,11,1,1,5,9,8,1,1,2,30,3
55744,3,2,11001,2,11,1,1,5,9,8,1,1,1,34,3
55744,3,2,11001,2,11,1,1,5,9,8,1,1,2,64,2
55744,3,2,11001,2,11,1,1,5,9,8,1,1,1,63,1
55765,3,2,11001,5,11,1,1,5,9,8,1,1,1,47,1
55776,3,2,11001,2,11,1,1,4,9,6,1,1,1,27,1
55776,3,2,11001,2,11,1,1,4,9,6,1,1,2,18,7
55802,3,1,11001,3,11,1,1,4,9,8,3,2,2,29,1
55816,3,1,11001,2,11,1,1,3,2,6,1,2,1,39,1
55816,3,1,11001,2,11,1,1,3,2,6,1,2,1,19,3
55816,3,1,11001,2,11,1,1,3,2,6,1,2,2,6,3
55816,3,1,11001,2,11,1,1,3,2,6,1,2,2,40,2
55816,3,1,11001,2,11,1,1,3,2,6,1,2,2,21,3
55816,3,1,11001,2,11,1,1,3,2,6,1,2,2,10,3
55817,3,2,11001,3,11,1,1,4,9,6,1,1,2,36,1
55817,3,2,11001,3,11,1,1,4,9,6,1,1,1,33,2
55817,3,2,11001,3,11,1,1,4,9,6,1,1,2,10,3
55827,3,2,11001,5,11,1,1,4,9,6,1,2,1,33,3
55827,3,2,11001,5,11,1,1,4,9,6,1,2,2,31,3
55827,3,2,11001,5,11,1,1,4,9,6,1,2,2,12,5
55827,3,2,11001,5,11,1,1,4,9,6,1,2,2,57,1
55834,3,2,11001,4,11,1,1,3,9,7,1,1,1,28,1
55834,3,2,11001,4,11,1,1,3,9,7,1,1,2,26,2
55843,3,2,11001,4,11,1,6,4,9,6,1,2,2,3,3
55843,3,2,11001,4,11,1,6,4,9,6,1,2,1,35,1
55843,3,2,11001,4,11,1,6,4,9,6,1,2,2,34,2
55860,3,1,11001,4,11,2,4,4,9,7,1,1,1,19,3
55860,3,1,11001,4,11,2,4,4,9,7,1,1,2,67,1
55892,3,1,11001,3,11,2,8,4,9,4,NA,NA,1,6,3
55892,3,1,11001,3,11,2,8,4,9,4,NA,NA,1,72,6
55892,3,1,11001,3,11,2,8,4,9,4,NA,NA,1,94,8
55892,3,1,11001,3,11,2,8,4,9,4,NA,NA,2,16,3
55892,3,1,11001,3,11,2,8,4,9,4,NA,NA,2,40,1
55892,3,1,11001,3,11,2,8,4,9,4,NA,NA,1,17,3
55892,3,1,11001,3,11,2,8,4,9,4,NA,NA,2,70,6
55894,3,2,11001,4,11,1,1,4,9,7,1,2,1,62,1
55894,3,2,11001,4,11,1,1,4,9,7,1,2,2,60,2
55894,3,2,11001,4,11,1,1,4,9,7,1,2,2,27,3
55894,3,2,11001,4,11,1,1,4,9,7,1,2,2,35,3
56181,3,2,11001,4,11,1,1,4,9,8,1,2,2,30,1
56181,3,2,11001,4,11,1,1,4,9,8,1,2,2,25,7
56217,3,1,11001,2,11,2,2,3,9,4,1,1,1,2,5
56217,3,1,11001,2,11,2,2,3,9,4,1,1,2,21,3
56217,3,1,11001,2,11,2,2,3,9,4,1,1,2,45,1
56217,3,1,11001,2,11,2,2,3,9,4,1,1,2,4,3
56217,3,1,11001,2,11,2,2,3,9,4,1,1,1,18,3
56217,3,1,11001,2,11,2,2,3,9,4,1,1,1,5,3
56283,3,1,11001,3,11,1,7,5,9,6,1,1,1,23,3
56283,3,1,11001,3,11,1,7,5,9,6,1,1,2,64,1
56382,3,1,11001,4,11,1,1,3,9,7,1,1,1,32,1
56433,3,2,11001,4,11,1,1,4,9,8,1,1,1,30,3
56433,3,2,11001,4,11,1,1,4,9,8,1,1,1,67,1
56437,3,2,11001,2,11,1,1,3,9,3,1,2,2,55,2
56437,3,2,11001,2,11,1,1,3,9,3,1,2,1,61,1
56437,3,2,11001,2,11,1,1,3,9,3,1,2,2,18,3
56455,3,2,11001,2,11,2,7,5,9,5,NA,NA,1,51,1
56455,3,2,11001,2,11,2,7,5,9,5,NA,NA,1,14,3
56455,3,2,11001,2,11,2,7,5,9,5,NA,NA,2,44,2
56455,3,2,11001,2,11,2,7,5,9,5,NA,NA,1,17,3
56478,3,2,11001,4,11,1,1,4,9,6,1,2,1,21,3
56478,3,2,11001,4,11,1,1,4,9,6,1,2,2,42,1
56480,3,2,11001,4,11,1,1,3,9,7,1,1,1,43,1
56480,3,2,11001,4,11,1,1,3,9,7,1,1,2,43,2
56480,3,2,11001,4,11,1,1,3,9,7,1,1,2,4,3
56480,3,2,11001,4,11,1,1,3,9,7,1,1,1,6,3
56480,3,2,11001,4,11,1,1,3,9,7,1,1,1,24,3
56499,3,2,11001,4,11,2,3,4,9,7,1,2,2,59,1
56499,3,2,11001,4,11,2,3,4,9,7,1,2,1,23,3
56499,3,2,11001,4,11,2,3,4,9,7,1,2,2,23,3
56513,3,2,11001,5,11,1,1,4,9,7,1,2,1,61,1
56513,3,2,11001,5,11,1,1,4,9,7,1,2,2,49,3
56513,3,2,11001,5,11,1,1,4,9,7,1,2,2,85,2
56516,3,2,11001,2,11,2,3,4,9,6,3,2,1,1,3
56516,3,2,11001,2,11,2,3,4,9,6,3,2,1,29,1
56516,3,2,11001,2,11,2,3,4,9,6,3,2,2,19,8
56516,3,2,11001,2,11,2,3,4,9,6,3,2,2,26,2
56569,3,2,11001,2,11,1,1,5,9,5,1,1,2,21,1
56569,3,2,11001,2,11,1,1,5,9,5,1,1,1,27,2
56595,3,1,11001,3,11,2,3,5,9,7,1,1,2,19,3
56595,3,1,11001,3,11,2,3,5,9,7,1,1,1,22,3
56595,3,1,11001,3,11,2,3,5,9,7,1,1,2,27,3
56595,3,1,11001,3,11,2,3,5,9,7,1,1,2,53,2
56595,3,1,11001,3,11,2,3,5,9,7,1,1,2,71,6
56595,3,1,11001,3,11,2,3,5,9,7,1,1,1,59,1
56600,3,2,11001,4,11,1,1,4,9,8,1,2,2,47,1
56634,3,2,11001,3,11,1,1,4,9,7,1,1,1,38,3
56634,3,2,11001,3,11,1,1,4,9,7,1,1,2,69,1
56649,3,2,11001,NA,11,2,2,4,1,5,1,1,1,28,3
56649,3,2,11001,NA,11,2,2,4,1,5,1,1,1,66,1
56649,3,2,11001,NA,11,2,2,4,1,5,1,1,1,25,3
56697,3,2,11001,4,11,1,1,5,9,7,1,1,1,39,1
56736,3,2,11001,6,11,1,1,4,9,7,1,2,2,71,6
56736,3,2,11001,6,11,1,1,4,9,7,1,2,1,52,1
56736,3,2,11001,6,11,1,1,4,9,7,1,2,2,45,2
56751,3,1,11001,6,11,2,3,4,9,5,1,1,1,18,8
56751,3,1,11001,6,11,2,3,4,9,5,1,1,2,52,1
56751,3,1,11001,6,11,2,3,4,9,5,1,1,1,51,2
56765,3,2,11001,3,11,1,1,4,9,5,1,1,2,59,1
56765,3,2,11001,3,11,1,1,4,9,5,1,1,1,21,3
56765,3,2,11001,3,11,1,1,4,9,5,1,1,1,25,3
56765,3,2,11001,3,11,1,1,4,9,5,1,1,1,55,2
56802,3,1,11001,3,11,1,3,5,9,7,1,1,1,72,1
56802,3,1,11001,3,11,1,3,5,9,7,1,1,1,27,3
56802,3,1,11001,3,11,1,3,5,9,7,1,1,2,66,2
56804,3,2,11001,4,11,1,1,4,9,6,1,1,1,37,1
56804,3,2,11001,4,11,1,1,4,9,6,1,1,2,3,3
56804,3,2,11001,4,11,1,1,4,9,6,1,1,2,31,2
56804,3,2,11001,4,11,1,1,4,9,6,1,1,2,7,3
56815,3,1,11001,3,11,1,1,5,9,6,1,1,2,20,2
56815,3,1,11001,3,11,1,1,5,9,6,1,1,1,25,1
56815,3,1,11001,3,11,1,1,5,9,6,1,1,1,6,3
56824,3,2,11001,6,11,1,1,4,9,7,1,2,1,67,1
56824,3,2,11001,6,11,1,1,4,9,7,1,2,2,36,3
56824,3,2,11001,6,11,1,1,4,9,7,1,2,2,62,2
56824,3,2,11001,6,11,1,1,4,9,7,1,2,2,3,5
56824,3,2,11001,6,11,1,1,4,9,7,1,2,2,30,3
56875,3,2,11001,3,11,1,3,4,9,7,2,1,2,20,1
56875,3,2,11001,3,11,1,3,4,9,7,2,1,1,18,10
56888,3,2,11001,6,11,1,1,4,9,7,1,2,2,29,3
56888,3,2,11001,6,11,1,1,4,9,7,1,2,1,53,1
56888,3,2,11001,6,11,1,1,4,9,7,1,2,2,50,2
56888,3,2,11001,6,11,1,1,4,9,7,1,2,2,22,3
56920,3,2,11001,2,11,1,1,3,9,6,1,1,1,26,5
56920,3,2,11001,2,11,1,1,3,9,6,1,1,1,52,3
56920,3,2,11001,2,11,1,1,3,9,6,1,1,2,80,1
56930,3,1,11001,4,11,1,1,4,9,7,1,1,1,27,1
56961,3,2,11001,2,11,1,1,4,9,5,1,1,2,31,3
56961,3,2,11001,2,11,1,1,4,9,5,1,1,1,46,4
56961,3,2,11001,2,11,1,1,4,9,5,1,1,1,79,1
56990,3,1,11001,2,11,1,1,4,9,4,1,2,2,18,2
56990,3,1,11001,2,11,1,1,4,9,4,1,2,1,20,1
57010,3,2,11001,6,11,1,1,5,9,8,1,1,2,0,3
57010,3,2,11001,6,11,1,1,5,9,8,1,1,1,36,1
57010,3,2,11001,6,11,1,1,5,9,8,1,1,2,34,2
57010,3,2,11001,6,11,1,1,5,9,8,1,1,1,8,3
57022,3,2,11001,2,11,2,3,4,9,7,1,1,2,57,1
57022,3,2,11001,2,11,2,3,4,9,7,1,1,1,28,3
57022,3,2,11001,2,11,2,3,4,9,7,1,1,1,23,3
57022,3,2,11001,2,11,2,3,4,9,7,1,1,2,23,4
57054,3,2,11001,2,11,1,3,4,9,6,1,2,1,29,1
57054,3,2,11001,2,11,1,3,4,9,6,1,2,2,3,3
57054,3,2,11001,2,11,1,3,4,9,6,1,2,2,22,2
57081,3,2,11001,2,11,1,1,4,9,3,1,1,1,49,1
57081,3,2,11001,2,11,1,1,4,9,3,1,1,1,2,5
57081,3,2,11001,2,11,1,1,4,9,3,1,1,1,23,3
57081,3,2,11001,2,11,1,1,4,9,3,1,1,2,23,4
57178,3,2,11001,4,11,1,1,4,9,7,1,2,2,42,1
59940,3,1,11001,3,11,1,1,5,9,5,1,1,1,60,1
59940,3,1,11001,3,11,1,1,5,9,5,1,1,1,17,3
59940,3,1,11001,3,11,1,1,5,9,5,1,1,1,21,10
59940,3,1,11001,3,11,1,1,5,9,5,1,1,2,50,7
59941,3,1,11001,2,11,1,2,4,9,5,1,1,2,50,1
59941,3,1,11001,2,11,1,2,4,9,5,1,1,1,2,5
59941,3,1,11001,2,11,1,2,4,9,5,1,1,1,33,7
59941,3,1,11001,2,11,1,2,4,9,5,1,1,1,21,3
59941,3,1,11001,2,11,1,2,4,9,5,1,1,2,25,3
59943,3,2,11001,3,11,1,1,5,9,6,1,1,1,40,1
59943,3,2,11001,3,11,1,1,5,9,6,1,1,2,40,2
59943,3,2,11001,3,11,1,1,5,9,6,1,1,1,18,3
59944,3,2,11001,3,11,1,1,4,9,8,1,1,1,24,1
