"Depmuni","TIPO","SERVICIO","ESTRATO","TOTAL_PERSONAS","DIRECTORIO","SECUENCIA_ENCUESTA","SECUENCIA_P","ORDEN","ESTADO_ENCUESTA","RECO_DIC"
"73001",2,1,3,3,259,1,1,1,NA,0
"73001",2,1,2,1,260,1,1,1,NA,0
"73001",1,1,3,5,262,1,1,1,NA,0
"73001",2,1,3,4,268,1,1,1,NA,0
"73001",1,1,3,2,278,1,1,1,NA,0
"73001",2,1,3,3,292,1,1,1,NA,0
"73001",1,1,3,3,297,1,1,1,NA,0
"73001",2,1,2,5,298,1,1,1,NA,0
"73001",2,1,3,1,309,1,1,1,NA,0
"73001",1,1,3,4,327,1,1,1,NA,0
"73001",2,1,3,4,353,1,1,1,NA,0
"73001",1,1,3,3,419,1,1,1,NA,0
"73001",1,1,3,2,425,1,1,1,NA,0
"73001",2,1,4,2,444,1,1,1,NA,0
"73001",2,1,3,4,477,1,1,1,NA,0
"73001",1,1,3,4,865,1,1,1,NA,0
"73001",1,1,2,9,873,1,1,1,NA,0
"73001",1,1,3,3,881,1,1,1,NA,0
"73001",2,1,1,1,884,1,1,1,NA,0
"73001",1,1,3,4,888,1,1,1,NA,0
"73001",1,1,2,4,896,1,1,1,NA,0
"73001",1,1,2,3,898,1,1,1,NA,0
"73001",2,1,2,1,906,1,1,1,NA,0
"73001",2,1,3,3,909,1,1,1,NA,0
"73001",2,1,2,4,911,1,1,1,NA,0
"73001",2,1,2,4,921,1,1,1,NA,0
"73001",1,1,2,4,923,1,1,1,NA,0
"73001",1,1,3,3,926,1,1,1,NA,0
"73001",2,1,2,3,936,1,1,1,NA,0
"73001",2,1,2,1,937,1,1,1,NA,0
"73001",2,1,2,5,940,1,1,1,NA,0
"73001",1,1,2,5,942,1,1,1,NA,0
"73001",2,1,2,6,948,1,1,1,NA,0
"73001",2,1,2,2,950,1,1,1,NA,0
"73001",2,1,2,2,955,1,1,1,NA,0
"73001",1,1,2,4,956,1,1,1,NA,0
"73001",2,1,3,3,960,1,1,1,NA,0
"73001",1,1,2,1,964,1,1,1,NA,0
"73001",2,1,2,3,966,1,1,1,NA,0
"73001",1,1,2,4,969,1,1,1,NA,0
"73001",1,1,2,2,970,1,1,1,NA,0
"73001",2,1,2,3,978,1,1,1,NA,0
"73001",1,1,2,4,981,1,1,1,NA,0
"73001",2,1,2,4,982,1,1,1,NA,0
"73001",2,1,2,2,984,1,1,1,NA,0
"73001",1,1,2,4,986,1,1,1,NA,0
"73001",2,1,2,4,996,1,1,1,NA,0
"73001",1,1,2,4,997,1,1,1,NA,0
"73001",2,1,2,4,1002,1,1,1,NA,0
"73001",2,1,2,4,1011,1,1,1,NA,0
"73001",2,1,2,2,1017,1,1,1,NA,0
"73001",2,1,2,4,1021,1,1,1,NA,0
"73001",1,1,2,3,1026,1,1,1,NA,0
"73001",2,1,2,3,1036,1,1,1,NA,0
"73001",2,1,2,3,1059,1,1,1,NA,0
"73001",2,1,2,4,1083,1,1,1,NA,0
"73001",2,1,2,5,1107,1,1,1,NA,0
"73001",2,1,2,4,1142,1,1,1,NA,0
"73001",1,1,2,3,1190,1,1,1,NA,0
"73001",1,1,2,6,1233,1,1,1,NA,0
"73001",2,1,2,3,1500,1,1,1,NA,0
"73001",2,1,2,3,1542,1,1,1,NA,0
"73001",2,1,2,3,1577,1,1,1,NA,0
"73001",2,1,2,3,1758,1,1,1,NA,0
"73001",2,1,3,1,1786,1,1,1,NA,0
"73001",2,1,2,2,1791,1,1,1,NA,0
"73001",1,1,2,3,1793,1,1,1,NA,0
"73001",2,1,2,3,1800,1,1,1,NA,0
"73001",1,1,3,3,1810,1,1,1,NA,0
"73001",2,1,3,2,1826,1,1,1,NA,0
"73001",1,1,2,5,1830,1,1,1,NA,0
"73001",1,1,3,4,1840,1,1,1,NA,0
"73001",2,1,2,3,1891,1,1,1,NA,0
"73001",2,1,2,3,1932,1,1,1,NA,0
"73001",2,1,2,3,1963,1,1,1,NA,0
"73001",1,1,2,3,1995,1,1,1,NA,0
"73001",2,1,2,2,2010,1,1,1,NA,0
"73001",1,1,2,3,2028,1,1,1,NA,0
"73001",2,1,2,2,2069,1,1,1,NA,0
"73001",1,1,2,4,2111,1,1,1,NA,0
"73001",2,1,2,8,2552,1,1,1,NA,0
"73268",1,1,1,4,2556,1,1,1,NA,0
"73001",1,1,2,2,2568,1,1,1,NA,0
"73268",1,1,1,2,2574,1,1,1,NA,0
"73001",1,1,2,2,2575,1,1,1,NA,0
"73001",1,1,2,2,2587,1,1,1,NA,0
"73268",1,1,2,2,2593,1,1,1,NA,0
"73001",1,1,2,1,2602,1,1,1,NA,0
"73268",1,1,1,2,2614,1,1,1,NA,0
"73268",1,1,2,2,2618,1,1,1,NA,0
"73268",1,1,2,4,2619,1,1,1,NA,0
"73268",1,1,2,4,2637,1,1,1,NA,0
"73268",1,1,2,2,2643,1,1,1,NA,0
"73268",1,1,1,5,2648,1,1,1,NA,0
"73268",2,1,2,8,2652,1,1,1,NA,0
"73268",2,1,2,5,2671,1,1,1,NA,0
"73268",2,1,2,4,2672,1,1,1,NA,0
"73268",1,1,1,3,2677,1,1,1,NA,0
"73268",2,1,2,4,2687,1,1,1,NA,0
"73268",1,1,2,1,2689,1,1,1,NA,0
"73268",1,1,2,5,2700,1,1,1,NA,0
"73268",1,1,2,5,2704,1,1,1,NA,0
"73268",1,1,1,4,2720,1,1,1,NA,0
"73001",1,1,3,4,2775,1,1,1,NA,0
"73001",1,1,3,4,2776,1,1,1,NA,0
"73001",1,1,3,2,2777,1,1,1,NA,0
"73268",1,1,3,1,3044,1,1,1,NA,0
"73268",1,1,3,2,3065,1,1,1,NA,0
"73268",1,1,3,2,3090,1,1,1,NA,0
"73268",1,1,1,4,3196,1,1,1,NA,0
"73268",1,1,1,2,3219,1,1,1,NA,0
"73268",1,1,2,4,3789,1,1,1,NA,0
"73268",1,1,2,1,3822,1,1,1,NA,0
"73268",2,1,2,8,3857,1,1,1,NA,0
"73268",1,1,2,5,4000,1,1,1,NA,0
"73268",1,1,2,4,4031,1,1,1,NA,0
"73268",1,1,2,4,4059,1,1,1,NA,0
"73268",1,1,2,6,4096,1,1,1,NA,0
"73001",1,1,3,2,4138,1,1,1,NA,0
"73001",1,1,3,2,4173,1,1,1,NA,0
"73001",1,1,3,5,4175,1,1,1,NA,0
"73001",1,1,3,1,4190,1,1,1,NA,0
"73268",1,1,2,1,4497,1,1,1,NA,0
"73268",1,1,2,3,4511,1,1,1,NA,0
"73268",1,1,2,2,4512,1,1,1,NA,0
"73268",1,1,2,2,4525,1,1,1,NA,0
"73268",2,1,2,5,4548,1,1,1,NA,0
"73268",2,1,3,4,4557,1,1,1,NA,0
"73268",1,1,2,2,4567,1,1,1,NA,0
"73268",2,1,3,1,4586,1,1,1,NA,0
"73268",1,1,2,3,4588,1,1,1,NA,0
"73268",1,1,3,4,4616,1,1,1,NA,0
"73268",1,1,3,4,4644,1,1,1,NA,0
"73268",1,1,2,5,4851,1,1,1,NA,0
"73268",1,1,2,7,4861,1,1,1,NA,0
"73268",2,1,4,3,4872,1,1,1,NA,0
"73268",1,1,1,4,4897,1,1,1,NA,0
"73268",1,1,4,4,4898,1,1,1,NA,0
"73268",1,1,4,1,4939,1,1,1,NA,0
"73268",1,1,1,3,4947,1,1,1,NA,0
"73268",1,1,2,3,4948,1,1,1,NA,0
"73268",1,1,4,2,4968,1,1,1,NA,0
"73268",1,1,1,3,4986,1,1,1,NA,0
"73268",2,1,2,2,4987,1,1,1,NA,0
"73268",1,1,4,2,5004,1,1,1,NA,0
"73268",1,1,4,2,5045,1,1,1,NA,0
"73268",1,1,1,4,5074,1,1,1,NA,0
"73268",1,1,4,5,5082,1,1,1,NA,0
"73268",2,1,4,4,5105,1,1,1,NA,0
"73268",1,1,3,4,5124,1,1,1,NA,0
"73268",1,1,1,7,5129,1,1,1,NA,0
"73268",2,1,3,1,5163,1,1,1,NA,0
"73268",2,1,4,1,5174,1,1,1,NA,0
"73268",1,1,4,2,5194,1,1,1,NA,0
"73268",1,1,2,4,5203,1,1,1,NA,0
"73268",2,1,4,4,5215,1,1,1,NA,0
"73268",2,1,2,4,5228,1,1,1,NA,0
"73268",1,1,2,5,5248,1,1,1,NA,0
"73268",1,1,2,3,5279,1,1,1,NA,0
"73268",1,1,2,5,5289,1,1,1,NA,0
"73268",2,1,1,3,5299,1,1,1,NA,0
"73268",1,1,2,5,5307,1,1,1,NA,0
"73268",1,1,2,2,5314,1,1,1,NA,0
"73268",1,1,2,4,5325,1,1,1,NA,0
"73268",1,1,1,1,5337,1,1,1,NA,0
"73268",1,1,2,4,5341,1,1,1,NA,0
"73268",1,1,2,3,5348,1,1,1,NA,0
"73268",2,1,2,4,5353,1,1,1,NA,0
"73268",1,1,1,1,5358,1,1,1,NA,0
"73268",1,1,1,1,5380,1,1,1,NA,0
"73268",1,1,2,3,5382,1,1,1,NA,0
"73268",1,1,2,3,5427,1,1,1,NA,0
"73268",1,1,2,1,5537,1,1,1,NA,0
"73268",1,1,2,3,5570,1,1,1,NA,0
"73268",1,1,2,2,5591,1,1,1,NA,0
"73268",1,1,2,1,5601,1,1,1,NA,0
"73268",1,1,2,1,5607,1,1,1,NA,0
"73268",2,1,2,4,5658,1,1,1,NA,0
"73268",1,1,2,4,5663,1,1,1,NA,0
"73268",1,1,2,2,5675,1,1,1,NA,0
"73001",2,1,2,3,6406,1,1,1,NA,0
"73268",1,1,1,2,6407,1,1,1,NA,0
"73001",2,1,2,2,6411,1,1,1,NA,0
"73268",1,1,2,3,6412,1,1,1,NA,0
"73001",2,1,2,3,6417,1,1,1,NA,0
"73001",2,1,2,2,6419,1,1,1,NA,0
"73001",1,1,2,5,6423,1,1,1,NA,0
"73268",1,1,1,5,6428,1,1,1,NA,0
"73001",1,1,3,3,6429,1,1,1,NA,0
"73001",1,1,1,4,6432,1,1,1,NA,0
"73268",1,1,2,4,6435,1,1,1,NA,0
"73001",1,1,2,2,6438,1,1,1,NA,0
"73001",1,1,2,4,6440,1,1,1,NA,0
"73268",1,1,2,5,6444,1,1,1,NA,0
"73001",2,1,3,5,6447,1,1,1,NA,0
"73001",1,1,2,6,6449,1,1,1,NA,0
"73001",1,1,2,4,6452,1,1,1,NA,0
"73268",1,1,2,5,6455,1,1,1,NA,0
"73001",1,1,2,8,6457,1,1,1,NA,0
"73001",2,1,3,3,6458,1,1,1,NA,0
"73001",1,1,2,3,6459,1,1,1,NA,0
"73001",1,1,2,3,6462,1,1,1,NA,0
"73001",2,1,2,2,6465,1,1,1,NA,0
"73001",1,1,2,4,6468,1,1,1,NA,0
"73001",2,1,3,2,6469,1,1,1,NA,0
"73001",1,1,2,3,6475,1,1,1,NA,0
"73001",1,1,1,8,6477,1,1,1,NA,0
"73001",2,1,3,1,6478,1,1,1,NA,0
"73001",2,1,2,5,6480,1,1,1,NA,0
"73001",2,1,3,2,6485,1,1,1,NA,0
"73001",1,1,2,4,6486,1,1,1,NA,0
"73001",2,1,2,3,6488,1,1,1,NA,0
"73001",2,1,3,1,6489,1,1,1,NA,0
"73001",1,1,2,3,6492,1,1,1,NA,0
"73001",3,1,2,1,6646,1,1,1,NA,0
"73001",2,1,2,3,6678,1,1,1,NA,0
"73001",2,1,2,4,6693,1,1,1,NA,0
"73001",2,1,2,4,6732,1,1,1,NA,0
"73001",1,1,1,3,6741,1,1,1,NA,0
"73001",2,1,2,3,6762,1,1,1,NA,0
"73001",1,1,1,8,6768,1,1,1,NA,0
"73001",2,1,3,3,6775,1,1,1,NA,0
"73001",2,1,3,2,6803,1,1,1,NA,0
"73001",1,1,2,2,6804,1,1,1,NA,0
"73001",1,1,2,5,6827,1,1,1,NA,0
"73001",1,1,2,2,6831,1,1,1,NA,0
"73001",1,1,2,2,6857,1,1,1,NA,0
"73001",1,1,2,4,6861,1,1,1,NA,0
"73001",1,1,2,5,6880,1,1,1,NA,0
"73001",1,1,2,1,6900,1,1,1,NA,0
"73001",1,1,2,4,6906,1,1,1,NA,0
"73001",1,1,1,4,6914,1,1,1,NA,0
"73001",1,1,2,1,6921,1,1,1,NA,0
"73001",1,1,2,4,6933,1,1,1,NA,0
"73001",1,1,2,5,6941,1,1,1,NA,0
"73001",2,1,2,3,6943,1,1,1,NA,0
"73001",1,1,4,4,6946,1,1,1,NA,0
"73001",1,1,1,2,6953,1,1,1,NA,0
"73001",1,1,2,4,6955,1,1,1,NA,0
"73001",2,1,2,2,6957,1,1,1,NA,0
"73001",2,1,2,2,6959,1,1,1,NA,0
"73001",2,1,3,3,6960,1,1,1,NA,0
"73001",2,1,2,3,6963,1,1,1,NA,0
"73001",1,1,4,4,6965,1,1,1,NA,0
"73001",1,1,2,5,6968,1,1,1,NA,0
"73001",2,1,2,4,6969,1,1,1,NA,0
"73001",1,1,2,3,6987,1,1,1,NA,0
"73001",2,1,3,2,7003,1,1,1,NA,0
"73001",1,1,2,4,7005,1,1,1,NA,0
"73001",1,1,2,8,7019,1,1,1,NA,0
"73001",1,1,2,4,7071,1,1,1,NA,0
"73001",1,1,3,3,7076,1,1,1,NA,0
"73001",1,1,4,4,7097,1,1,1,NA,0
"73001",2,1,2,3,7136,1,1,1,NA,0
"73001",1,1,3,3,7146,1,1,1,NA,0
"73001",2,1,3,3,7163,1,1,1,NA,0
"73001",2,1,2,4,7166,1,1,1,NA,0
"73001",2,1,3,1,7181,1,1,1,NA,0
"73001",1,1,2,2,7194,1,1,1,NA,0
"73001",2,1,2,5,7268,1,1,1,NA,0
"73001",1,1,3,4,7271,1,1,1,NA,0
"73001",2,1,1,2,7297,1,1,1,NA,0
"73001",1,1,3,2,7300,1,1,1,NA,0
"73001",1,1,3,2,7320,1,1,1,NA,0
"73001",2,1,2,2,7923,1,1,1,NA,0
"73001",1,1,2,5,7948,1,1,1,NA,0
"73001",2,1,2,2,7979,1,1,1,NA,0
"73001",1,1,2,3,7999,1,1,1,NA,0
"73268",1,1,3,3,8036,1,1,1,NA,0
"73001",1,1,3,7,8092,1,1,1,NA,0
"73001",2,1,3,5,8130,1,1,1,NA,0
"73001",2,1,3,4,8157,1,1,1,NA,0
"73001",1,1,3,6,8168,1,1,1,NA,0
"73001",2,1,3,2,8175,1,1,1,NA,0
"73001",2,1,3,1,8195,1,1,1,NA,0
"73001",1,1,2,6,8207,1,1,1,NA,0
"73001",2,1,2,3,8496,1,1,1,NA,0
"73001",1,1,1,1,8520,1,1,1,NA,0
"73001",1,1,1,6,8544,1,1,1,NA,0
"73001",1,1,2,5,8611,1,1,1,NA,0
"73001",2,1,1,4,8649,1,1,1,NA,0
"73001",2,1,1,3,8669,1,1,1,NA,0
"73001",2,1,2,3,8776,1,1,1,NA,0
"73001",2,1,2,2,8787,1,1,1,NA,0
"73001",1,1,1,4,8794,1,1,1,NA,0
"73001",2,1,2,3,8829,1,1,1,NA,0
"73001",1,1,3,2,8839,1,1,1,NA,0
"73001",2,1,2,3,8853,1,1,1,NA,0
"73001",2,1,1,4,8873,1,1,1,NA,0
"73001",2,1,2,4,8900,1,1,1,NA,0
"73001",2,1,2,6,8923,1,1,1,NA,0
"73001",2,1,2,3,8968,1,1,1,NA,0
"73001",1,1,2,4,9004,1,1,1,NA,0
"73001",3,1,2,1,9033,1,1,1,NA,0
"73001",1,1,2,4,9045,1,1,1,NA,0
"73001",3,1,2,1,9060,1,1,1,NA,0
"73001",2,1,2,4,9073,1,1,1,NA,0
"73001",2,1,2,3,9085,1,1,1,NA,0
"73001",2,1,3,3,9226,1,1,1,NA,0
"73001",2,1,3,2,9273,1,1,1,NA,0
"73001",2,1,4,3,9340,1,1,1,NA,0
"73001",1,1,2,3,9374,1,1,1,NA,0
"73001",2,1,4,1,9395,1,1,1,NA,0
"73001",1,1,2,4,9404,1,1,1,NA,0
"73001",2,1,3,1,9428,1,1,1,NA,0
"73001",2,1,2,4,9434,1,1,1,NA,0
"73001",2,1,2,4,9487,1,1,1,NA,0
"73001",1,1,2,1,9492,1,1,1,NA,0
"73001",2,1,2,2,9531,1,1,1,NA,0
"73001",1,1,2,2,9536,1,1,1,NA,0
"73001",1,1,2,1,9602,1,1,1,NA,0
"73001",1,1,2,4,9635,1,1,1,NA,0
"73001",2,1,3,1,9636,1,1,1,NA,0
"73001",1,1,2,1,9658,1,1,1,NA,0
"73001",2,1,3,2,9659,1,1,1,NA,0
"73001",2,1,2,5,9676,1,1,1,NA,0
"73001",1,1,2,3,9693,1,1,1,NA,0
"73001",2,1,3,2,9715,1,1,1,NA,0
"73001",1,1,2,4,9722,1,1,1,NA,0
"73001",1,1,2,3,9729,1,1,1,NA,0
"73001",1,1,2,4,9743,1,1,1,NA,0
"73001",2,1,3,3,9746,1,1,1,NA,0
"73001",1,1,2,3,9754,1,1,1,NA,0
"73001",1,1,2,2,9756,1,1,1,NA,0
"73001",2,1,2,1,9765,1,1,1,NA,0
"73001",2,1,3,1,9766,1,1,1,NA,0
"73001",2,1,1,7,9771,1,1,1,NA,0
"73001",2,1,2,4,9774,1,1,1,NA,0
"73001",2,1,3,2,9781,1,1,1,NA,0
"73001",2,1,2,2,9785,1,1,1,NA,0
"73001",2,1,2,4,9788,1,1,1,NA,0
"73001",1,1,3,2,9814,1,1,1,NA,0
"73001",2,1,3,3,9817,1,1,1,NA,0
"73001",2,1,2,4,9820,1,1,1,NA,0
"73001",2,1,3,3,9833,1,1,1,NA,0
"73001",2,1,2,2,9852,1,1,1,NA,0
"73001",2,1,1,5,9870,1,1,1,NA,0
"73001",2,1,2,2,9877,1,1,1,NA,0
"73001",3,1,1,4,9897,1,1,1,NA,0
"73001",2,1,2,1,9901,1,1,1,NA,0
"73001",2,1,2,1,9907,1,1,1,NA,0
"73001",2,1,2,3,9914,1,1,1,NA,0
"73001",2,1,1,4,9929,1,1,1,NA,0
"73001",2,1,3,2,9932,1,1,1,NA,0
"73001",2,1,1,4,9945,1,1,1,NA,0
"73001",2,1,3,2,9955,1,1,1,NA,0
"73001",2,1,2,2,9969,1,1,1,NA,0
"73001",2,1,3,4,9977,1,1,1,NA,0
"73001",2,1,1,4,9979,1,1,1,NA,0
"73001",2,1,4,4,9988,1,1,1,NA,0
"73001",2,1,3,1,10010,1,1,1,NA,0
"73001",2,1,3,2,10018,1,1,1,NA,0
"73001",2,1,3,2,10028,1,1,1,NA,0
"73001",2,1,3,2,10131,1,1,1,NA,0
"73001",1,1,3,3,10152,1,1,1,NA,0
"73001",2,1,3,2,10170,1,1,1,NA,0
"73001",1,1,3,2,10186,1,1,1,NA,0
"73001",1,1,3,4,10202,1,1,1,NA,0
"73001",2,1,2,5,10229,1,1,1,NA,0
"73001",1,1,2,4,10251,1,1,1,NA,0
"73001",2,1,2,1,10257,1,1,1,NA,0
"73001",2,1,2,2,10268,1,1,1,NA,0
"73001",2,1,2,2,10278,1,1,1,NA,0
"73001",1,1,2,6,10282,1,1,1,NA,0
"73001",2,1,2,2,10314,1,1,1,NA,0
"73001",2,1,2,4,10318,1,1,1,NA,0
"73001",1,1,2,3,10338,1,1,1,NA,0
"73001",2,1,2,3,10341,1,1,1,NA,0
"73001",2,1,1,2,10361,1,1,1,NA,0
"73001",2,1,2,2,10365,1,1,1,NA,0
"73001",2,1,2,6,10372,1,1,1,NA,0
"73001",2,1,3,3,10374,1,1,1,NA,0
"73001",1,1,2,4,10389,1,1,1,NA,0
"73001",2,1,2,4,10400,1,1,1,NA,0
"73001",2,1,2,4,10412,1,1,1,NA,0
"73001",2,1,2,5,10423,1,1,1,NA,0
"73001",1,1,1,2,10450,1,1,1,NA,0
"73001",1,1,2,6,10504,1,1,1,NA,0
"73001",2,1,1,2,10520,1,1,1,NA,0
"73001",2,1,1,3,10528,1,1,1,NA,0
"73001",2,1,1,12,10549,1,1,1,NA,0
"73001",2,1,1,3,10582,1,1,1,NA,0
"73001",1,1,1,1,10604,1,1,1,NA,0
"73001",2,1,1,3,10638,1,1,1,NA,0
"73001",2,1,3,3,10714,1,1,1,NA,0
"73001",1,1,3,4,10732,1,1,1,NA,0
"73001",2,1,3,5,10768,1,1,1,NA,0
"73001",2,1,3,3,10783,1,1,1,NA,0
"73001",2,1,2,4,10798,1,1,1,NA,0
"73001",3,1,2,1,10814,1,1,1,NA,0
"73001",2,1,2,2,10821,1,1,1,NA,0
"73001",1,1,2,2,10827,1,1,1,NA,0
"73001",1,1,1,3,11263,1,1,1,NA,0
"73001",3,1,1,1,11265,1,1,1,NA,0
"73001",3,1,1,4,11267,1,1,1,NA,0
"73001",3,1,1,5,11269,1,1,1,NA,0
"73001",3,1,1,2,11272,1,1,1,NA,0
"73001",1,1,1,2,11274,1,1,1,NA,0
"73001",2,1,2,3,11670,1,1,1,NA,0
"73001",2,1,2,3,11694,1,1,1,NA,0
"73001",2,1,3,4,11711,1,1,1,NA,0
"73001",1,1,3,4,11747,1,1,1,NA,0
"73001",2,1,3,4,11775,1,1,1,NA,0
"73001",2,1,3,2,11864,1,1,1,NA,0
"73001",1,1,2,5,11934,1,1,1,NA,0
"73001",2,1,3,3,11944,1,1,1,NA,0
"73001",2,1,3,3,11974,1,1,1,NA,0
"73001",1,1,3,3,12005,1,1,1,NA,0
"73001",2,1,1,2,12067,1,1,1,NA,0
"73001",1,1,3,4,12077,1,1,1,NA,0
"73001",1,1,1,3,12107,1,1,1,NA,0
"73001",2,1,3,2,12152,1,1,1,NA,0
"73001",2,1,1,1,12171,1,1,1,NA,0
"73001",2,1,2,1,12194,1,1,1,NA,0
"73001",2,1,3,2,12211,1,1,1,NA,0
"73001",1,1,2,5,12243,1,1,1,NA,0
"73001",2,1,1,1,12264,1,1,1,NA,0
"73001",1,1,2,3,12265,1,1,1,NA,0
"73001",2,1,1,2,12273,1,1,1,NA,0
"73001",2,1,1,2,12276,1,1,1,NA,0
"73001",1,1,4,1,12287,1,1,1,NA,0
"73001",2,1,1,4,12357,1,1,1,NA,0
"73001",2,1,3,1,12358,1,1,1,NA,0
"73001",2,1,3,2,12361,1,1,1,NA,0
"73001",2,1,3,2,12362,1,1,1,NA,0
"73001",2,1,2,4,12364,1,1,1,NA,0
"73001",2,1,3,2,12406,1,1,1,NA,0
"73001",3,1,4,2,12453,1,1,1,NA,0
"73001",2,1,4,5,12514,1,1,1,NA,0
"73001",1,1,4,3,12693,1,1,1,NA,0
"73001",1,1,4,3,12740,1,1,1,NA,0
"73001",2,1,3,4,12816,1,1,1,NA,0
"73001",2,1,2,2,12843,1,1,1,NA,0
"73001",1,1,2,2,12894,1,1,1,NA,0
"73001",1,1,1,2,12926,1,1,1,NA,0
"73001",2,1,1,2,12965,1,1,1,NA,0
"73001",1,1,1,1,12998,1,1,1,NA,0
"73001",2,1,2,2,13033,1,1,1,NA,0
"73001",1,1,2,1,13076,1,1,1,NA,0
"73001",1,1,2,2,13130,1,1,1,NA,0
"73001",1,1,2,3,13139,1,1,1,NA,0
"73001",1,1,2,2,13179,1,1,1,NA,0
"73001",1,1,2,3,13196,1,1,1,NA,0
"73001",2,1,2,4,13219,1,1,1,NA,0
"73001",1,1,2,2,13232,1,1,1,NA,0
"73001",1,1,2,4,13259,1,1,1,NA,0
"73001",2,1,2,4,13278,1,1,1,NA,0
"73001",1,1,2,3,13311,1,1,1,NA,0
"73001",2,1,2,2,13327,1,1,1,NA,0
"73001",1,1,3,4,13342,1,1,1,NA,0
"73001",1,1,1,4,13379,1,1,1,NA,0
"73001",1,1,1,5,13414,1,1,1,NA,0
"73001",1,1,1,4,13441,1,1,1,NA,0
"73001",2,1,1,3,13461,1,1,1,NA,0
"73001",1,1,1,9,13502,1,1,1,NA,0
"73001",2,1,1,3,13530,1,1,1,NA,0
"73001",1,1,1,3,13545,1,1,1,NA,0
"73001",1,1,4,4,14204,1,1,1,NA,0
"73001",2,1,2,1,14238,1,1,1,NA,0
"73001",2,1,3,1,14268,1,1,1,NA,0
"73001",2,1,2,3,14289,1,1,1,NA,0
"73001",2,1,2,3,14302,1,1,1,NA,0
"73001",2,1,2,1,14313,1,1,1,NA,0
"73001",2,1,2,3,14320,1,1,1,NA,0
"73001",2,1,2,5,14338,1,1,1,NA,0
"73001",2,1,2,2,14346,1,1,1,NA,0
"73001",1,1,2,5,14359,1,1,1,NA,0
"73001",2,1,2,2,14618,1,1,1,NA,0
"73001",2,1,2,4,14645,1,1,1,NA,0
"73001",1,1,4,4,14657,1,1,1,NA,0
"73001",1,1,1,6,14680,1,1,1,NA,0
"73001",1,1,2,4,14682,1,1,1,NA,0
"73001",1,1,2,8,14711,1,1,1,NA,0
"73001",2,1,3,4,14729,1,1,1,NA,0
"73001",2,1,3,5,14891,1,1,1,NA,0
"73001",2,1,3,4,14991,1,1,1,NA,0
"73001",1,1,3,3,15024,1,1,1,NA,0
"73001",2,1,3,1,15051,1,1,1,NA,0
"73001",2,1,3,3,15074,1,1,1,NA,0
"73001",2,1,3,2,15102,1,1,1,NA,0
"73001",2,1,4,4,15136,1,1,1,NA,0
"73001",2,1,4,1,15169,1,1,1,NA,0
"73001",2,1,4,2,15199,1,1,1,NA,0
"73001",2,1,4,5,15226,1,1,1,NA,0
"73001",2,1,4,2,15261,1,1,1,NA,0
"73001",2,1,3,8,15429,1,1,1,NA,0
"73001",2,1,3,6,15495,1,1,1,NA,0
"73001",2,1,3,2,15540,1,1,1,NA,0
"73001",1,1,3,5,15586,1,1,1,NA,0
"73001",2,1,2,3,15642,1,1,1,NA,0
"73001",1,1,2,3,15793,1,1,1,NA,0
"73001",1,1,2,2,15798,1,1,1,NA,0
"73001",1,1,2,2,15804,1,1,1,NA,0
"73001",2,1,2,4,15817,1,1,1,NA,0
"73001",2,1,2,3,15825,1,1,1,NA,0
"73001",1,1,2,4,15830,1,1,1,NA,0
"73001",2,1,2,4,15833,1,1,1,NA,0
"73001",2,1,3,2,15838,1,1,1,NA,0
"73001",1,1,2,2,15841,1,1,1,NA,0
"73001",2,1,2,2,15882,1,1,1,NA,0
"73001",1,1,2,4,15884,1,1,1,NA,0
"73001",1,1,2,5,15885,1,1,1,NA,0
"73001",2,1,2,3,15887,1,1,1,NA,0
"73001",2,1,2,6,15888,1,1,1,NA,0
"73001",2,1,2,3,15889,1,1,1,NA,0
"73001",2,1,2,12,15891,1,1,1,NA,0
"73001",1,1,2,5,15892,1,1,1,NA,0
"73001",1,1,2,4,15894,1,1,1,NA,0
"73001",2,1,2,3,15895,1,1,1,NA,0
"73001",2,1,2,3,16146,1,1,1,NA,0
"73001",1,1,2,3,16242,1,1,1,NA,0
"73001",2,1,2,2,16287,1,1,1,NA,0
"73001",1,1,3,3,16313,1,1,1,NA,0
"73001",2,1,2,2,16340,1,1,1,NA,0
"73001",1,1,3,2,16402,1,1,1,NA,0
"73001",1,1,3,3,16416,1,1,1,NA,0
"73001",1,1,3,7,16433,1,1,1,NA,0
"73001",1,1,3,4,16462,1,1,1,NA,0
"73001",1,1,3,4,16477,1,1,1,NA,0
"73001",1,1,3,2,16503,1,1,1,NA,0
"73001",2,1,3,3,16522,1,1,1,NA,0
"73001",1,1,3,4,16623,1,1,1,NA,0
"73001",1,1,2,4,16645,1,1,1,NA,0
"73001",1,1,3,4,16649,1,1,1,NA,0
"73001",1,1,3,1,16666,1,1,1,NA,0
"73001",1,1,2,4,16670,1,1,1,NA,0
"73001",1,1,3,4,16693,1,1,1,NA,0
"73001",2,1,2,3,16702,1,1,1,NA,0
"73001",1,1,2,3,16723,1,1,1,NA,0
"73001",1,1,3,3,16727,1,1,1,NA,0
"73001",1,1,3,4,16757,1,1,1,NA,0
"73001",1,1,1,2,16766,1,1,1,NA,0
"73001",1,1,3,9,16788,1,1,1,NA,0
"73001",1,1,2,5,16801,1,1,1,NA,0
"73001",1,1,3,5,16833,1,1,1,NA,0
"73001",2,1,2,5,16837,1,1,1,NA,0
"73001",1,1,3,2,16858,1,1,1,NA,0
"73001",2,1,1,2,16892,1,1,1,NA,0
"73001",3,1,1,3,16920,1,1,1,NA,0
"73001",2,1,3,2,17709,1,1,1,NA,0
"73001",2,1,3,2,17724,1,1,1,NA,0
"73001",2,1,3,3,17740,1,1,1,NA,0
"73001",2,1,3,4,17762,1,1,1,NA,0
"73001",2,1,3,4,17776,1,1,1,NA,0
"73001",2,1,2,4,17801,1,1,1,NA,0
"73001",1,1,2,2,17819,1,1,1,NA,0
"73001",1,1,1,4,17821,1,1,1,NA,0
"73001",1,1,2,5,17831,1,1,1,NA,0
"73001",1,1,1,4,17858,1,1,1,NA,0
"73001",2,1,1,4,17892,1,1,1,NA,0
"73001",2,1,1,1,17924,1,1,1,NA,0
"73001",2,1,3,3,17955,1,1,1,NA,0
"73001",2,1,1,4,18064,1,1,1,NA,0
"73001",2,1,1,4,18093,1,1,1,NA,0
"73001",2,1,3,3,18178,1,1,1,NA,0
"73001",2,1,3,4,18179,1,1,1,NA,0
"73001",1,1,2,4,18183,1,1,1,NA,0
"73001",2,1,1,2,18185,1,1,1,NA,0
"73001",2,1,2,5,18256,1,1,1,NA,0
"73001",2,1,3,8,18257,1,1,1,NA,0
"73001",2,1,2,2,18287,1,1,1,NA,0
"73001",2,1,3,2,18294,1,1,1,NA,0
"73001",1,1,3,3,18307,1,1,1,NA,0
"73001",2,1,3,2,18332,1,1,1,NA,0
"73001",1,1,2,3,18343,1,1,1,NA,0
"73001",2,1,3,3,18349,1,1,1,NA,0
"73001",1,1,3,3,18377,1,1,1,NA,0
"73001",2,1,3,3,18421,1,1,1,NA,0
"73001",1,1,3,3,18440,1,1,1,NA,0
"73001",1,1,3,4,18450,1,1,1,NA,0
"73001",1,1,2,3,18483,1,1,1,NA,0
"73001",2,1,3,2,18494,1,1,1,NA,0
"73001",1,1,3,4,18517,1,1,1,NA,0
"73001",2,1,3,2,18539,1,1,1,NA,0
"73001",1,1,3,3,18567,1,1,1,NA,0
"73001",2,1,2,4,18599,1,1,1,NA,0
"73001",2,1,2,3,18635,1,1,1,NA,0
"73001",1,1,1,3,18657,1,1,1,NA,0
"73001",2,1,2,4,18662,1,1,1,NA,0
"73001",2,1,2,1,18678,1,1,1,NA,0
"73001",2,1,2,4,18682,1,1,1,NA,0
"73001",1,1,2,3,18706,1,1,1,NA,0
"73001",2,1,2,4,18714,1,1,1,NA,0
"73001",1,1,3,2,18724,1,1,1,NA,0
"73001",1,1,3,5,18739,1,1,1,NA,0
"73001",2,1,2,3,18760,1,1,1,NA,0
"73001",1,1,1,6,18765,1,1,1,NA,0
"73001",1,1,2,4,18776,1,1,1,NA,0
"73001",2,1,3,4,18964,1,1,1,NA,0
"73001",2,1,2,3,18989,1,1,1,NA,0
"73001",2,1,3,2,19000,1,1,1,NA,0
"73001",2,1,2,3,19012,1,1,1,NA,0
"73001",2,1,2,7,19038,1,1,1,NA,0
"73001",1,1,2,3,19081,1,1,1,NA,0
"73001",1,1,2,3,19094,1,1,1,NA,0
"73001",2,1,3,4,19111,1,1,1,NA,0
"73001",1,1,2,2,19155,1,1,1,NA,0
"73001",3,1,2,2,19172,1,1,1,NA,0
"73001",2,1,3,1,20007,1,1,1,NA,0
"73001",2,1,3,2,20019,1,1,1,NA,0
"73001",1,1,3,2,20029,1,1,1,NA,0
"73001",1,1,3,6,20043,1,1,1,NA,0
"73001",1,1,2,5,20309,1,1,1,NA,0
"73001",1,1,1,6,20350,1,1,1,NA,0
"73001",1,1,1,4,20382,1,1,1,NA,0
"73001",1,1,3,2,20505,1,1,1,NA,0
"73001",1,1,2,4,20510,1,1,1,NA,0
"73001",1,1,2,2,20518,1,1,1,NA,0
"73001",1,1,2,4,20526,1,1,1,NA,0
"73001",1,1,2,4,20530,1,1,1,NA,0
"73001",1,1,2,11,20539,1,1,1,NA,0
"73001",1,1,2,5,20542,1,1,1,NA,0
"73001",1,1,2,4,20546,1,1,1,NA,0
"73001",1,1,2,4,20550,1,1,1,NA,0
"73001",2,1,2,1,20552,1,1,1,NA,0
"73001",2,1,2,3,20561,1,1,1,NA,0
"73001",1,1,1,3,20566,1,1,1,NA,0
"73001",1,1,1,3,20569,1,1,1,NA,0
"73001",1,1,1,3,20572,1,1,1,NA,0
"73001",1,1,1,4,20574,1,1,1,NA,0
"73001",1,1,1,9,20576,1,1,1,NA,0
"73001",2,1,1,3,20581,1,1,1,NA,0
"73001",1,1,1,2,20582,1,1,1,NA,0
"73001",2,1,1,3,20586,1,1,1,NA,0
"73001",1,1,1,2,20588,1,1,1,NA,0
"73001",2,1,1,3,20589,1,1,1,NA,0
"73001",2,1,1,5,20591,1,1,1,NA,0
"73001",1,1,1,3,20592,1,1,1,NA,0
"73001",1,1,1,3,20593,1,1,1,NA,0
"73001",1,1,1,1,20594,1,1,1,NA,0
"73001",1,1,1,3,20595,1,1,1,NA,0
"73001",1,1,1,2,20597,1,1,1,NA,0
"73001",2,1,1,3,20598,1,1,1,NA,0
"73001",1,1,1,4,20601,1,1,1,NA,0
"73001",2,1,1,5,20602,1,1,1,NA,0
"73001",1,1,1,2,20606,1,1,1,NA,0
"73001",1,1,1,6,20609,1,1,1,NA,0
"73001",1,1,1,2,20613,1,1,1,NA,0
"73001",2,1,3,3,20761,1,1,1,NA,0
"73001",2,1,2,3,20772,1,1,1,NA,0
"73001",1,1,2,2,20773,1,1,1,NA,0
"73001",2,1,2,4,20776,1,1,1,NA,0
"73001",2,1,3,2,20778,1,1,1,NA,0
"73001",2,1,2,1,20782,1,1,1,NA,0
"73001",2,1,2,3,20783,1,1,1,NA,0
"73001",2,1,2,3,20798,1,1,1,NA,0
"73001",1,1,2,4,20799,1,1,1,NA,0
"73001",1,1,2,5,20800,1,1,1,NA,0
"73001",2,1,2,2,20801,1,1,1,NA,0
"73001",2,1,2,4,20802,1,1,1,NA,0
"73001",1,1,1,3,20805,1,1,1,NA,0
"73001",2,1,2,4,20808,1,1,1,NA,0
"73001",1,1,1,2,20809,1,1,1,NA,0
"73001",1,1,2,4,20810,1,1,1,NA,0
"73001",2,1,2,2,20811,1,1,1,NA,0
"73001",1,1,2,5,20814,1,1,1,NA,0
"73001",2,1,2,3,20815,1,1,1,NA,0
"73001",2,1,1,5,20816,1,1,1,NA,0
"73001",2,1,2,3,20818,1,1,1,NA,0
"73001",1,1,2,3,20819,1,1,1,NA,0
"73001",1,1,2,5,20821,1,1,1,NA,0
"73001",1,1,2,3,20824,1,1,1,NA,0
"73001",2,1,2,2,20825,1,1,1,NA,0
"73001",2,1,2,2,20827,1,1,1,NA,0
"73001",2,1,3,5,20828,1,1,1,NA,0
"73001",1,1,2,7,20830,1,1,1,NA,0
"73001",1,1,2,3,20831,1,1,1,NA,0
"73001",2,1,2,4,20834,1,1,1,NA,0
"73001",2,1,2,6,20836,1,1,1,NA,0
"73001",1,1,4,2,20935,1,1,1,NA,0
"73001",1,1,3,5,20982,1,1,1,NA,0
"73001",1,1,2,3,21016,1,1,1,NA,0
"73001",1,1,2,3,21071,1,1,1,NA,0
"73001",1,1,3,2,21114,1,1,1,NA,0
"73001",1,1,3,4,21162,1,1,1,NA,0
"73001",1,1,3,4,21203,1,1,1,NA,0
"73001",2,1,1,6,21259,1,1,1,NA,0
"73001",2,1,1,2,21590,1,1,1,NA,0
"73001",1,1,1,6,21621,1,1,1,NA,0
"73001",2,1,3,4,21683,1,1,1,NA,0
"73001",1,1,2,2,21714,1,1,1,NA,0
"73001",2,1,2,3,21718,1,1,1,NA,0
"73001",1,1,2,4,21772,1,1,1,NA,0
"73001",2,1,3,5,21780,1,1,1,NA,0
"73001",1,1,2,3,21824,1,1,1,NA,0
"73001",2,1,3,3,21854,1,1,1,NA,0
"73001",2,1,3,3,21902,1,1,1,NA,0
"73001",1,1,3,1,21930,1,1,1,NA,0
"73001",2,1,3,2,21941,1,1,1,NA,0
"73001",2,1,3,1,21958,1,1,1,NA,0
"73001",1,1,2,4,21979,1,1,1,NA,0
"73001",2,1,2,2,21981,1,1,1,NA,0
"73001",1,1,2,3,22007,1,1,1,NA,0
"73001",2,1,3,2,22017,1,1,1,NA,0
"73001",2,1,3,2,22032,1,1,1,NA,0
"73001",2,1,3,4,22046,1,1,1,NA,0
"73001",2,1,3,4,22077,1,1,1,NA,0
"73001",2,1,3,4,22107,1,1,1,NA,0
"73001",2,1,2,5,22126,1,1,1,NA,0
"73001",1,1,2,2,22347,1,1,1,NA,0
"73001",1,1,2,2,22396,1,1,1,NA,0
"73001",1,1,2,5,22432,1,1,1,NA,0
"73001",2,1,2,3,22774,1,1,1,NA,0
"73001",1,1,2,4,22826,1,1,1,NA,0
"73001",2,1,2,4,22884,1,1,1,NA,0
"73001",2,1,2,3,22929,1,1,1,NA,0
"73001",1,1,2,3,22970,1,1,1,NA,0
"73001",2,1,2,3,23009,1,1,1,NA,0
"73001",1,1,2,4,23039,1,1,1,NA,0
"73001",2,1,2,3,23048,1,1,1,NA,0
"73001",2,1,2,6,23094,1,1,1,NA,0
"73001",2,1,2,5,23130,1,1,1,NA,0
"73001",2,1,2,3,23156,1,1,1,NA,0
"73001",2,1,2,3,23180,1,1,1,NA,0
"73001",2,1,2,3,23211,1,1,1,NA,0
"73001",2,1,2,4,23244,1,1,1,NA,0
"73001",2,1,2,4,23280,1,1,1,NA,0
"73001",1,1,2,4,23321,1,1,1,NA,0
"73001",1,1,1,2,23325,1,1,1,NA,0
"73001",1,1,2,2,23329,1,1,1,NA,0
"73001",1,1,2,3,23363,1,1,1,NA,0
"73001",2,1,2,6,23385,1,1,1,NA,0
"73001",2,1,3,2,23388,1,1,1,NA,0
"73001",1,1,2,4,23414,1,1,1,NA,0
"73001",2,1,2,4,23434,1,1,1,NA,0
"73001",2,1,3,1,23466,1,1,1,NA,0
"73001",2,1,2,4,23480,1,1,1,NA,0
"73001",2,1,2,2,23486,1,1,1,NA,0
"73001",1,1,3,3,23503,1,1,1,NA,0
"73001",2,1,2,4,23514,1,1,1,NA,0
"73001",1,1,2,5,23541,1,1,1,NA,0
"73001",2,1,2,4,23545,1,1,1,NA,0
"73001",2,1,2,2,23569,1,1,1,NA,0
"73001",1,1,2,2,23577,1,1,1,NA,0
"73001",1,1,2,4,23585,1,1,1,NA,0
"73001",1,1,2,3,23595,1,1,1,NA,0
"73001",1,1,2,4,23601,1,1,1,NA,0
"73001",2,1,2,2,23618,1,1,1,NA,0
"73001",1,1,2,2,23626,1,1,1,NA,0
"73001",2,1,3,2,23645,1,1,1,NA,0
"73001",1,1,2,3,23649,1,1,1,NA,0
"73001",1,1,1,4,23681,1,1,1,NA,0
"73001",2,1,1,3,23703,1,1,1,NA,0
"73001",2,1,1,7,23733,1,1,1,NA,0
"73001",1,1,1,3,23774,1,1,1,NA,0
"73001",1,1,2,4,24142,1,1,1,NA,0
"73001",1,1,2,6,24197,1,1,1,NA,0
"73001",1,1,2,2,24221,1,1,1,NA,0
"73001",1,1,2,2,24228,1,1,1,NA,0
"73001",1,1,2,1,24257,1,1,1,NA,0
"73001",1,1,2,5,24270,1,1,1,NA,0
"73001",1,1,2,5,24286,1,1,1,NA,0
"73001",1,1,2,4,24321,1,1,1,NA,0
"73001",1,1,2,5,24339,1,1,1,NA,0
"73001",1,1,2,3,24367,1,1,1,NA,0
"73001",1,1,2,3,24474,1,1,1,NA,0
"73001",1,1,2,4,24504,1,1,1,NA,0
"73001",1,1,2,5,24524,1,1,1,NA,0
"73001",1,1,2,2,24599,1,1,1,NA,0
"73001",1,1,2,4,24661,1,1,1,NA,0
"73001",1,1,3,2,24689,1,1,1,NA,0
"73001",1,1,2,4,24724,1,1,1,NA,0
"73001",1,1,2,2,24753,1,1,1,NA,0
"73001",1,1,2,3,24770,1,1,1,NA,0
"73001",2,1,1,2,24908,1,1,1,NA,0
"73001",2,1,1,6,24937,1,1,1,NA,0
"73001",2,1,1,3,24998,1,1,1,NA,0
"73001",2,1,1,3,25031,1,1,1,NA,0
"73001",2,1,1,3,25053,1,1,1,NA,0
"73001",1,1,3,2,25061,1,1,1,NA,0
"73001",2,1,1,8,25090,1,1,1,NA,0
"73001",1,1,1,2,25098,1,1,1,NA,0
"73001",2,1,1,5,25129,1,1,1,NA,0
"73001",1,1,3,3,25130,1,1,1,NA,0
"73001",2,1,3,4,25166,1,1,1,NA,0
"73001",2,1,1,5,25168,1,1,1,NA,0
"73001",2,1,1,3,25195,1,1,1,NA,0
"73001",2,1,3,3,25210,1,1,1,NA,0
"73001",2,1,1,3,25222,1,1,1,NA,0
"73001",2,1,1,2,25225,1,1,1,NA,0
"73001",2,1,2,2,25245,1,1,1,NA,0
"73001",2,1,2,3,25258,1,1,1,NA,0
"73001",2,1,2,5,25275,1,1,1,NA,0
"73001",2,1,3,2,25437,1,1,1,NA,0
"73001",2,1,3,2,25443,1,1,1,NA,0
"73001",2,1,3,4,25450,1,1,1,NA,0
"73001",1,1,3,4,25457,1,1,1,NA,0
"73001",1,1,3,4,25462,1,1,1,NA,0
"73001",1,1,2,2,25474,1,1,1,NA,0
"73001",1,1,2,2,25702,1,1,1,NA,0
"73001",1,1,2,4,26068,1,1,1,NA,0
"73001",2,1,1,2,26069,1,1,1,NA,0
"73001",2,1,2,2,26073,1,1,1,NA,0
"73001",1,1,2,4,26171,1,1,1,NA,0
"73001",2,1,1,2,26207,1,1,1,NA,0
"73001",2,1,1,1,26263,1,1,1,NA,0
"73001",2,1,2,1,26297,1,1,1,NA,0
"73001",2,1,1,4,26324,1,1,1,NA,0
"73001",2,1,2,3,26325,1,1,1,NA,0
"73001",1,1,1,6,26363,1,1,1,NA,0
"73001",2,1,2,1,26364,1,1,1,NA,0
"73001",2,1,3,2,26417,1,1,1,NA,0
"73001",2,1,1,1,26424,1,1,1,NA,0
"73001",2,1,1,3,26448,1,1,1,NA,0
"73001",2,1,1,5,26480,1,1,1,NA,0
"73001",1,1,1,3,26547,1,1,1,NA,0
"73001",3,1,1,1,26570,1,1,1,NA,0
"73001",2,1,1,3,26594,1,1,1,NA,0
"73001",1,1,2,1,26630,1,1,1,NA,0
"73001",2,1,2,3,26659,1,1,1,NA,0
"73001",1,1,2,2,26790,1,1,1,NA,0
"73001",1,1,3,1,26877,1,1,1,NA,0
"73001",2,1,2,1,26895,1,1,1,NA,0
"73001",1,1,2,2,26937,1,1,1,NA,0
"73001",1,1,3,3,26964,1,1,1,NA,0
"73001",2,1,2,3,26967,1,1,1,NA,0
"73001",2,1,2,3,27001,1,1,1,NA,0
"73001",2,1,2,2,27006,1,1,1,NA,0
"73001",2,1,2,3,27030,1,1,1,NA,0
"73001",2,1,2,2,27041,1,1,1,NA,0
"73001",1,1,3,2,27059,1,1,1,NA,0
"73001",1,1,2,9,27069,1,1,1,NA,0
"73001",1,1,2,3,27087,1,1,1,NA,0
"73001",2,1,3,1,27106,1,1,1,NA,0
"73001",1,1,2,4,27123,1,1,1,NA,0
"73001",2,1,3,3,27125,1,1,1,NA,0
"73001",2,1,2,2,27411,1,1,1,NA,0
"73001",1,1,1,5,27415,1,1,1,NA,0
"73001",1,1,1,5,27425,1,1,1,NA,0
"73001",2,1,2,4,27437,1,1,1,NA,0
"73001",2,1,2,4,27453,1,1,1,NA,0
"73001",1,1,3,5,27476,1,1,1,NA,0
"73001",1,1,2,1,27499,1,1,1,NA,0
"73001",1,1,3,4,27504,1,1,1,NA,0
"73001",1,1,2,2,27510,1,1,1,NA,0
"73001",1,1,2,3,27520,1,1,1,NA,0
"73001",1,1,3,4,27522,1,1,1,NA,0
"73001",1,1,2,4,27531,1,1,1,NA,0
"73001",1,1,2,3,27542,1,1,1,NA,0
"73001",1,1,2,3,27551,1,1,1,NA,0
"73001",1,1,3,5,27552,1,1,1,NA,0
"73001",2,1,2,2,27564,1,1,1,NA,0
"73001",2,1,4,2,27567,1,1,1,NA,0
"73001",2,1,3,3,27574,1,1,1,NA,0
"73001",1,1,3,3,27576,1,1,1,NA,0
"73001",2,1,3,2,27580,1,1,1,NA,0
"73001",2,1,3,4,27585,1,1,1,NA,0
"73001",2,1,3,1,27591,1,1,1,NA,0
"73001",2,1,3,1,27601,1,1,1,NA,0
"73001",2,1,3,5,27602,1,1,1,NA,0
"73001",2,1,4,5,27611,1,1,1,NA,0
"73001",2,1,3,4,27614,1,1,1,NA,0
"73001",2,1,3,2,27812,1,1,1,NA,0
"73001",2,1,3,1,27830,1,1,1,NA,0
"73001",2,1,3,4,27831,1,1,1,NA,0
"73001",2,1,3,4,27833,1,1,1,NA,0
"73001",2,1,3,2,27839,1,1,1,NA,0
"73001",2,1,3,1,27843,1,1,1,NA,0
"73001",1,1,4,7,27850,1,1,1,NA,0
"73001",1,1,4,2,27859,1,1,1,NA,0
"73001",2,1,4,2,27879,1,1,1,NA,0
"73001",1,1,4,4,27881,1,1,1,NA,0
"73001",2,1,4,5,27886,1,1,1,NA,0
"73001",1,1,4,6,27888,1,1,1,NA,0
"73001",2,1,4,1,27889,1,1,1,NA,0
"73001",1,1,2,2,27890,1,1,1,NA,0
"73001",1,1,2,5,27892,1,1,1,NA,0
"73001",2,1,2,1,27935,1,1,1,NA,0
"73001",2,1,3,4,28132,1,1,1,NA,0
"73001",2,1,3,4,28139,1,1,1,NA,0
"73001",2,1,3,2,28147,1,1,1,NA,0
"73001",1,1,2,3,28163,1,1,1,NA,0
"73001",2,1,2,3,28192,1,1,1,NA,0
"73001",1,1,2,4,28216,1,1,1,NA,0
"73001",1,1,2,6,28226,1,1,1,NA,0
"73001",1,1,2,4,28247,1,1,1,NA,0
"73001",1,1,1,7,28265,1,1,1,NA,0
"73001",1,1,2,4,28266,1,1,1,NA,0
"73001",2,1,2,4,28286,1,1,1,NA,0
"73001",1,1,1,2,28312,1,1,1,NA,0
"73001",1,1,2,3,28327,1,1,1,NA,0
"73001",1,1,2,4,28336,1,1,1,NA,0
"73001",1,1,2,4,28363,1,1,1,NA,0
"73001",2,1,2,3,28402,1,1,1,NA,0
"73001",1,1,3,2,28452,1,1,1,NA,0
"73001",1,1,2,4,28467,1,1,1,NA,0
"73001",1,1,3,3,28488,1,1,1,NA,0
"73001",2,1,2,5,28526,1,1,1,NA,0
"73001",1,1,3,4,28548,1,1,1,NA,0
"73001",2,1,2,3,28615,1,1,1,NA,0
"73001",1,1,3,2,28637,1,1,1,NA,0
"73001",1,1,3,3,28682,1,1,1,NA,0
"73001",1,1,2,3,28687,1,1,1,NA,0
"73001",1,1,3,1,28726,1,1,1,NA,0
"73001",1,1,2,4,28766,1,1,1,NA,0
"73001",1,1,3,3,28799,1,1,1,NA,0
"73001",1,1,2,6,28841,1,1,1,NA,0
"73001",2,1,1,4,29091,1,1,1,NA,0
"73001",2,1,3,4,29105,1,1,1,NA,0
"73001",1,1,4,2,29159,1,1,1,NA,0
"73001",1,1,2,3,29162,1,1,1,NA,0
"73001",1,1,4,3,29213,1,1,1,NA,0
"73001",2,1,2,3,29237,1,1,1,NA,0
"73001",2,1,2,4,29284,1,1,1,NA,0
"73001",1,1,2,4,29329,1,1,1,NA,0
"73001",1,1,2,3,29382,1,1,1,NA,0
"73001",2,1,3,3,29769,1,1,1,NA,0
"73001",2,1,3,2,29772,1,1,1,NA,0
"73001",1,1,4,1,30393,1,1,1,NA,0
"73001",2,1,4,2,30398,1,1,1,NA,0
"73001",2,1,4,2,30411,1,1,1,NA,0
"73001",1,1,4,2,30424,1,1,1,NA,0
"73001",1,1,1,7,30470,1,1,1,NA,0
"73001",2,1,2,2,30521,1,1,1,NA,0
"73001",2,1,1,5,30548,1,1,1,NA,0
"73001",1,1,1,3,30614,1,1,1,NA,0
"73001",1,1,1,5,30665,1,1,1,NA,0
"73001",1,1,1,2,30712,1,1,1,NA,0
"73001",1,1,2,4,31087,1,1,1,NA,0
"73001",1,1,2,1,31089,1,1,1,NA,0
"73001",2,1,3,4,31090,1,1,1,NA,0
"73001",2,1,3,2,31092,1,1,1,NA,0
"73001",2,1,3,5,31094,1,1,1,NA,0
"73001",2,1,3,3,31098,1,1,1,NA,0
"73001",2,1,3,4,31140,1,1,1,NA,0
"73001",2,1,3,3,31158,1,1,1,NA,0
"73001",2,1,3,4,31177,1,1,1,NA,0
"73001",2,1,3,4,31204,1,1,1,NA,0
"73001",2,1,3,2,31218,1,1,1,NA,0
"73001",2,1,3,3,31238,1,1,1,NA,0
"73001",2,1,3,4,31250,1,1,1,NA,0
"73001",1,1,3,3,31268,1,1,1,NA,0
"73001",1,1,3,2,31284,1,1,1,NA,0
"73001",1,1,3,4,31306,1,1,1,NA,0
"73001",1,1,3,4,31333,1,1,1,NA,0
"73001",1,1,4,1,32048,1,1,1,NA,0
"73001",1,1,4,4,32082,1,1,1,NA,0
"73001",1,1,4,2,32131,1,1,1,NA,0
"73001",2,1,4,1,32159,1,1,1,NA,0
"73001",2,1,3,4,32175,1,1,1,NA,0
"73001",2,1,3,2,32215,1,1,1,NA,0
"73001",2,1,3,2,32244,1,1,1,NA,0
"73001",2,1,3,2,32269,1,1,1,NA,0
"73001",2,1,4,4,32309,1,1,1,NA,0
"73001",2,1,3,6,32357,1,1,1,NA,0
"73001",2,1,4,5,32389,1,1,1,NA,0
"73001",2,1,3,3,32414,1,1,1,NA,0
"73001",1,1,3,5,32482,1,1,1,NA,0
"73001",1,1,3,5,32524,1,1,1,NA,0
"73001",1,1,3,3,32546,1,1,1,NA,0
"73001",2,1,3,3,32567,1,1,1,NA,0
"73001",2,1,3,4,32591,1,1,1,NA,0
"73001",2,1,2,1,33179,1,1,1,NA,0
"73001",1,1,2,2,33223,1,1,1,NA,0
"73001",1,1,1,3,34422,1,1,1,NA,0
"73001",1,1,2,6,34461,1,1,1,NA,0
"73001",2,1,4,3,34798,1,1,1,NA,0
"73001",2,1,3,2,34819,1,1,1,NA,0
"73001",2,1,3,6,34851,1,1,1,NA,0
"73001",1,1,3,6,34888,1,1,1,NA,0
"73001",1,1,3,4,34923,1,1,1,NA,0
"73001",2,1,3,2,34936,1,1,1,NA,0
"73001",1,1,3,4,34960,1,1,1,NA,0
"73001",1,1,3,4,34977,1,1,1,NA,0
"73001",1,1,3,3,34984,1,1,1,NA,0
"73001",1,1,3,4,35001,1,1,1,NA,0
"73001",1,1,4,3,35025,1,1,1,NA,0
"73001",1,1,3,4,35034,1,1,1,NA,0
"73001",1,1,3,2,35047,1,1,1,NA,0
"73001",2,1,3,3,35357,1,1,1,NA,0
"73001",2,1,3,4,35373,1,1,1,NA,0
"73001",1,1,2,2,35406,1,1,1,NA,0
"73001",2,1,2,4,35408,1,1,1,NA,0
"73001",2,1,2,1,35409,1,1,1,NA,0
"73001",2,1,2,1,35413,1,1,1,NA,0
"73001",2,1,2,2,35415,1,1,1,NA,0
"73001",2,1,3,2,35417,1,1,1,NA,0
"73001",1,1,2,2,35421,1,1,1,NA,0
"73001",2,1,3,3,35424,1,1,1,NA,0
"73001",1,1,2,2,35426,1,1,1,NA,0
"73001",2,1,4,4,35427,1,1,1,NA,0
"73001",1,1,2,3,35428,1,1,1,NA,0
"73001",2,1,3,5,35429,1,1,1,NA,0
"73001",1,1,2,2,35430,1,1,1,NA,0
"73001",2,1,1,5,35431,1,1,1,NA,0
"73001",1,1,2,2,35432,1,1,1,NA,0
"73001",1,1,1,2,35433,1,1,1,NA,0
"73001",2,1,3,4,35435,1,1,1,NA,0
"73001",2,1,3,1,35436,1,1,1,NA,0
"73001",2,1,3,4,35438,1,1,1,NA,0
"73001",2,1,3,2,35439,1,1,1,NA,0
"73001",2,1,3,3,35441,1,1,1,NA,0
"73001",2,1,3,3,35442,1,1,1,NA,0
"73001",2,1,3,2,35443,1,1,1,NA,0
"73001",2,1,3,3,35445,1,1,1,NA,0
"73001",2,1,3,4,35447,1,1,1,NA,0
"73001",1,1,2,5,35480,1,1,1,NA,0
"73001",1,1,2,4,35492,1,1,1,NA,0
"73001",1,1,2,2,35496,1,1,1,NA,0
"73001",2,1,4,5,35501,1,1,1,NA,0
"73001",2,1,4,2,35507,1,1,1,NA,0
"73001",2,1,4,3,35514,1,1,1,NA,0
"73001",2,1,4,4,35519,1,1,1,NA,0
"73001",2,1,4,3,35522,1,1,1,NA,0
"73001",1,1,2,6,35662,1,1,1,NA,0
"73001",1,1,1,4,35663,1,1,1,NA,0
"73001",1,1,1,2,35664,1,1,1,NA,0
"73001",2,1,3,1,35665,1,1,1,NA,0
"73001",2,1,1,2,35667,1,1,1,NA,0
"73001",2,1,2,2,35671,1,1,1,NA,0
"73001",1,1,2,1,35673,1,1,1,NA,0
"73001",1,1,2,3,35674,1,1,1,NA,0
"73001",1,1,3,3,35677,1,1,1,NA,0
"73001",1,1,3,7,35679,1,1,1,NA,0
"73001",2,1,4,3,35693,1,1,1,NA,0
"73001",2,1,4,3,35696,1,1,1,NA,0
"73001",2,1,3,1,35699,1,1,1,NA,0
"73001",2,1,3,2,35700,1,1,1,NA,0
"73001",2,1,3,3,35702,1,1,1,NA,0
"73001",2,1,3,2,35704,1,1,1,NA,0
"73001",2,1,3,1,35830,1,1,1,NA,0
"73001",2,1,3,4,35837,1,1,1,NA,0
"73001",2,1,4,3,35844,1,1,1,NA,0
"73001",2,1,3,2,35856,1,1,1,NA,0
"73001",2,1,3,1,35866,1,1,1,NA,0
"73001",2,1,3,3,35877,1,1,1,NA,0
"73001",2,1,4,2,35889,1,1,1,NA,0
"73001",2,1,3,6,35921,1,1,1,NA,0
"73001",1,1,2,5,36327,1,1,1,NA,0
"73001",2,1,2,4,36340,1,1,1,NA,0
"73001",2,1,2,2,36350,1,1,1,NA,0
"73001",2,1,2,3,36370,1,1,1,NA,0
"73001",1,1,2,4,36377,1,1,1,NA,0
"73001",1,1,3,1,36395,1,1,1,NA,0
"73001",2,1,2,1,36419,1,1,1,NA,0
"73001",2,1,5,4,36452,1,1,1,NA,0
"73001",2,1,5,4,36486,1,1,1,NA,0
"73001",1,1,3,2,36504,1,1,1,NA,0
"73001",2,1,5,2,36528,1,1,1,NA,0
"73001",3,1,2,1,36533,1,1,1,NA,0
"73001",2,1,2,4,36551,1,1,1,NA,0
"73001",2,1,4,3,36565,1,1,1,NA,0
"73001",2,1,2,3,36584,1,1,1,NA,0
"73001",2,1,4,5,36611,1,1,1,NA,0
"73001",2,1,4,4,36662,1,1,1,NA,0
"73001",2,1,4,4,36701,1,1,1,NA,0
"73001",2,1,3,4,36899,1,1,1,NA,0
"73001",2,1,4,5,37097,1,1,1,NA,0
"73001",2,1,4,5,37145,1,1,1,NA,0
"73001",2,1,4,3,37192,1,1,1,NA,0
"73001",2,1,4,4,37229,1,1,1,NA,0
"73001",2,1,4,3,37684,1,1,1,NA,0
"73001",2,1,4,2,37712,1,1,1,NA,0
"73001",2,1,4,1,37740,1,1,1,NA,0
"73001",2,1,4,4,37764,1,1,1,NA,0
"73001",2,1,4,3,37799,1,1,1,NA,0
"73001",2,1,4,3,37849,1,1,1,NA,0
"73001",2,1,4,3,37883,1,1,1,NA,0
"73001",2,1,4,4,37933,1,1,1,NA,0
"73001",2,1,4,4,37963,1,1,1,NA,0
"73001",2,1,4,2,37984,1,1,1,NA,0
"73001",2,1,4,1,38015,1,1,1,NA,0
"73001",2,1,2,4,38102,1,1,1,NA,0
"73001",1,1,2,5,38147,1,1,1,NA,0
"73001",2,1,2,3,38180,1,1,1,NA,0
"73001",2,1,2,3,38210,1,1,1,NA,0
"73001",2,1,2,4,38240,1,1,1,NA,0
"73001",1,1,2,4,38262,1,1,1,NA,0
"73001",2,1,2,6,38295,1,1,1,NA,0
"73001",1,1,2,4,38362,1,1,1,NA,0
"73001",2,1,2,4,38491,1,1,1,NA,0
"73001",2,1,2,3,38522,1,1,1,NA,0
"73001",1,1,2,3,38553,1,1,1,NA,0
"73001",2,1,3,2,38714,1,1,1,NA,0
"73001",2,1,3,5,38715,1,1,1,NA,0
"73001",2,1,3,5,38718,1,1,1,NA,0
"73001",2,1,3,5,38719,1,1,1,NA,0
"73001",2,1,3,3,38721,1,1,1,NA,0
"73001",2,1,3,3,38725,1,1,1,NA,0
"73001",1,1,3,3,38728,1,1,1,NA,0
"73001",2,1,4,2,38787,1,1,1,NA,0
"73001",2,1,4,4,38792,1,1,1,NA,0
"73001",2,1,3,2,38805,1,1,1,NA,0
"73001",2,1,2,2,38830,1,1,1,NA,0
"73001",2,1,2,1,38844,1,1,1,NA,0
"73001",2,1,3,2,38859,1,1,1,NA,0
"73001",2,1,3,3,38880,1,1,1,NA,0
"73001",2,1,3,2,38899,1,1,1,NA,0
"73001",2,1,2,2,38918,1,1,1,NA,0
"73001",2,1,3,4,38941,1,1,1,NA,0
"73001",2,1,2,2,38971,1,1,1,NA,0
"73001",2,1,3,1,38996,1,1,1,NA,0
"73001",2,1,3,4,39035,1,1,1,NA,0
"73001",2,1,3,3,39059,1,1,1,NA,0
"73001",2,1,2,3,39086,1,1,1,NA,0
"73001",2,1,2,3,39120,1,1,1,NA,0
"73001",2,1,2,3,39240,1,1,1,NA,0
"73001",3,1,2,3,39286,1,1,1,NA,0
"73001",3,1,2,1,39318,1,1,1,NA,0
"73001",3,1,2,1,39340,1,1,1,NA,0
"73001",2,1,4,2,40136,1,1,1,NA,0
"73001",2,1,4,2,40182,1,1,1,NA,0
"73001",2,1,4,2,40229,1,1,1,NA,0
"73001",2,1,4,3,40263,1,1,1,NA,0
"73001",2,1,3,2,40301,1,1,1,NA,0
"73001",2,1,3,2,40319,1,1,1,NA,0
"73001",2,1,4,2,40320,1,1,1,NA,0
"73001",2,1,3,2,40334,1,1,1,NA,0
"73001",1,1,1,2,40431,1,1,1,NA,0
"73001",1,1,1,7,40467,1,1,1,NA,0
"73001",1,1,1,5,40532,1,1,1,NA,0
"73001",1,1,4,4,40924,1,1,1,NA,0
"73001",1,1,4,3,40941,1,1,1,NA,0
"73001",1,1,4,2,40970,1,1,1,NA,0
"73001",1,1,4,2,40992,1,1,1,NA,0
"73001",1,1,4,2,41013,1,1,1,NA,0
"73001",1,1,4,2,41044,1,1,1,NA,0
"73001",1,1,4,3,41080,1,1,1,NA,0
"73001",1,1,1,2,41592,1,1,1,NA,0
"73001",2,1,1,2,41621,1,1,1,NA,0
"73001",2,1,1,3,41672,1,1,1,NA,0
"73001",2,1,3,2,41802,1,1,1,NA,0
"73001",2,1,4,3,41827,1,1,1,NA,0
"73001",2,1,4,3,41858,1,1,1,NA,0
"73001",1,1,2,2,41878,1,1,1,NA,0
"73001",1,1,4,3,41894,1,1,1,NA,0
"73001",1,1,2,1,41904,1,1,1,NA,0
"73001",2,1,2,2,42022,1,1,1,NA,0
"73001",1,1,1,1,42044,1,1,1,NA,0
"73001",1,1,2,1,42087,1,1,1,NA,0
"73001",2,1,5,3,42130,1,1,1,NA,0
"73001",2,1,3,2,42165,1,1,1,NA,0
"73001",2,1,5,2,42199,1,1,1,NA,0
"73001",2,1,5,3,42225,1,1,1,NA,0
"73001",2,1,5,5,42245,1,1,1,NA,0
"73001",1,1,2,3,42626,1,1,1,NA,0
"73001",1,1,3,3,42630,1,1,1,NA,0
"73001",2,1,2,6,42631,1,1,1,NA,0
"73001",1,1,2,1,42634,1,1,1,NA,0
"73001",1,1,2,1,42638,1,1,1,NA,0
"73001",1,1,2,4,42641,1,1,1,NA,0
"73001",2,1,2,4,42642,1,1,1,NA,0
"73001",2,1,2,3,42643,1,1,1,NA,0
"73001",2,1,3,3,42644,1,1,1,NA,0
"73001",1,1,2,4,42646,1,1,1,NA,0
"73001",1,1,2,3,42648,1,1,1,NA,0
"73001",1,1,2,2,42649,1,1,1,NA,0
"73001",2,1,2,6,42650,1,1,1,NA,0
"73001",1,1,2,4,42651,1,1,1,NA,0
"73001",2,1,3,1,42652,1,1,1,NA,0
"73001",2,1,2,2,42653,1,1,1,NA,0
"73001",1,1,3,3,42654,1,1,1,NA,0
"73001",2,1,1,3,43008,1,1,1,NA,0
"73001",1,1,1,7,43048,1,1,1,NA,0
"73001",2,1,2,2,43110,1,1,1,NA,0
"73001",2,1,2,3,43153,1,1,1,NA,0
"73001",1,1,1,4,43155,1,1,1,NA,0
"73001",1,1,2,5,43198,1,1,1,NA,0
"73001",1,1,1,7,43240,1,1,1,NA,0
"73001",1,1,1,4,43290,1,1,1,NA,0
"73001",1,1,2,1,43298,1,1,1,NA,0
"73001",2,1,1,6,43336,1,1,1,NA,0
"73001",2,1,1,4,43397,1,1,1,NA,0
"73001",1,1,1,3,43426,1,1,1,NA,0
"73001",2,1,1,2,43464,1,1,1,NA,0
"73001",1,1,2,5,43613,1,1,1,NA,0
"73001",1,1,2,3,43664,1,1,1,NA,0
"73001",1,1,1,5,44201,1,1,1,NA,0
"73001",1,1,2,1,44334,1,1,1,NA,0
"73001",1,1,1,1,44376,1,1,1,NA,0
"73001",2,1,1,3,44388,1,1,1,NA,0
"73001",2,1,1,4,44399,1,1,1,NA,0
"73001",1,1,1,2,44414,1,1,1,NA,0
"73001",2,1,1,3,44424,1,1,1,NA,0
"73001",1,1,3,2,44499,1,1,1,NA,0
"73001",1,1,3,3,44521,1,1,1,NA,0
"73001",1,1,2,3,44544,1,1,1,NA,0
"73001",1,1,3,3,44567,1,1,1,NA,0
"73001",2,1,3,1,44616,1,1,1,NA,0
"73001",1,1,2,1,45155,1,1,1,NA,0
"73001",2,1,5,4,45173,1,1,1,NA,0
"73001",1,1,2,4,45208,1,1,1,NA,0
"73001",1,1,4,5,45231,1,1,1,NA,0
"73001",1,1,4,4,45547,1,1,1,NA,0
"73001",1,1,4,4,45570,1,1,1,NA,0
"73001",2,1,2,3,45576,1,1,1,NA,0
"73001",1,1,2,4,45588,1,1,1,NA,0
"73001",1,1,4,6,45609,1,1,1,NA,0
"73001",1,1,4,3,45674,1,1,1,NA,0
"73001",1,1,4,3,45694,1,1,1,NA,0
"73001",1,1,4,3,45719,1,1,1,NA,0
"73001",1,1,4,5,45778,1,1,1,NA,0
"73001",1,1,4,3,45797,1,1,1,NA,0
"73001",1,1,4,4,45821,1,1,1,NA,0
"73001",1,1,4,2,45835,1,1,1,NA,0
"73001",1,1,4,3,45843,1,1,1,NA,0
"73001",1,1,4,2,45851,1,1,1,NA,0
"73001",1,1,4,5,45876,1,1,1,NA,0
"73001",1,1,4,3,45893,1,1,1,NA,0
"73001",1,1,4,3,45904,1,1,1,NA,0
"73001",1,1,3,3,45914,1,1,1,NA,0
"73001",1,1,2,2,45929,1,1,1,NA,0
"73001",2,1,3,1,45938,1,1,1,NA,0
"73001",2,1,1,3,46007,1,1,1,NA,0
"73001",2,1,3,2,46018,1,1,1,NA,0
"73001",2,1,4,2,46027,1,1,1,NA,0
"73001",2,1,4,1,46038,1,1,1,NA,0
"73001",2,1,4,3,46051,1,1,1,NA,0
"73001",2,1,4,2,46063,1,1,1,NA,0
"73001",2,1,4,1,46075,1,1,1,NA,0
"73001",2,1,4,2,46082,1,1,1,NA,0
"73001",2,1,4,3,46093,1,1,1,NA,0
"73001",2,1,2,1,46108,1,1,1,NA,0
"73001",2,1,4,2,46114,1,1,1,NA,0
"73001",1,1,4,3,46123,1,1,1,NA,0
"73001",2,1,4,3,46437,1,1,1,NA,0
"73001",1,1,4,3,46447,1,1,1,NA,0
"73001",2,1,4,1,46517,1,1,1,NA,0
"73001",2,1,4,3,46573,1,1,1,NA,0
"73001",2,1,4,2,46583,1,1,1,NA,0
"73001",2,1,4,2,46590,1,1,1,NA,0
"73001",2,1,4,3,46607,1,1,1,NA,0
"73001",2,1,3,2,46621,1,1,1,NA,0
"73001",2,1,3,4,46636,1,1,1,NA,0
"73001",1,1,3,3,46648,1,1,1,NA,0
"73001",1,1,3,2,46668,1,1,1,NA,0
"73001",1,1,3,1,47119,1,1,1,NA,0
"73001",1,1,3,1,47126,1,1,1,NA,0
"73001",1,1,3,3,47134,1,1,1,NA,0
"73001",2,1,4,3,47244,1,1,1,NA,0
"73001",2,1,4,1,47269,1,1,1,NA,0
"73001",1,1,3,2,47287,1,1,1,NA,0
"73001",3,1,2,1,48260,1,1,1,NA,0
"73268",1,1,3,2,48261,1,1,1,NA,0
"73001",2,1,2,3,48262,1,1,1,NA,0
"73001",2,1,3,4,48278,1,1,1,NA,0
"73001",2,1,3,7,48293,1,1,1,NA,0
"73001",1,1,3,2,48299,1,1,1,NA,0
