"Depmuni","TIPO","SERVICIO","ESTRATO","TOTAL_PERSONAS","DIRECTORIO","SECUENCIA_ENCUESTA","SECUENCIA_P","ORDEN","ESTADO_ENCUESTA","RECO_DIC","grupo"
"08001",1,1,4,4,269,1,1,1,NA,0,"08"
"08001",1,1,4,5,293,1,1,1,NA,0,"08"
"08001",1,1,4,6,307,1,1,1,NA,0,"08"
"08001",1,1,4,3,322,1,1,1,NA,0,"08"
"08001",1,1,4,9,333,1,1,1,NA,0,"08"
"08758",2,1,1,2,421,1,1,1,NA,0,"08"
"08758",2,1,2,3,441,1,1,1,NA,0,"08"
"08758",2,1,1,2,466,1,1,1,NA,0,"08"
"08758",1,1,2,5,486,1,1,1,NA,0,"08"
"08758",1,1,2,7,507,1,1,1,NA,0,"08"
"08001",2,1,4,3,517,1,1,1,NA,0,"08"
"08758",2,1,2,6,541,1,1,1,NA,0,"08"
"08001",2,1,3,5,554,1,1,1,NA,0,"08"
"08758",2,1,2,8,565,1,1,1,NA,0,"08"
"08758",2,1,2,5,570,1,1,1,NA,0,"08"
"08001",1,1,4,5,576,1,1,1,NA,0,"08"
"08001",2,1,4,3,595,1,1,1,NA,0,"08"
"08758",2,1,3,7,601,1,1,1,NA,0,"08"
"08758",2,1,2,4,611,1,1,1,NA,0,"08"
"08758",2,1,2,2,617,1,1,1,NA,0,"08"
"08758",2,1,2,3,630,1,1,1,NA,0,"08"
"08758",1,1,1,3,633,1,1,1,NA,0,"08"
"08758",1,1,1,3,642,1,1,1,NA,0,"08"
"08758",1,1,2,6,644,1,1,1,NA,0,"08"
"08758",1,1,1,3,650,1,1,1,NA,0,"08"
"08758",1,1,2,4,882,1,1,1,NA,0,"08"
"08001",1,1,3,4,891,1,1,1,NA,0,"08"
"08001",1,1,3,2,904,1,1,1,NA,0,"08"
"08758",2,1,2,4,915,1,1,1,NA,0,"08"
"08001",1,1,3,2,917,1,1,1,NA,0,"08"
"08001",1,1,3,4,918,1,1,1,NA,0,"08"
"08001",1,1,3,4,930,1,1,1,NA,0,"08"
"08001",1,1,3,7,938,1,1,1,NA,0,"08"
"08758",1,1,2,5,947,1,1,1,NA,0,"08"
"08001",1,1,3,2,949,1,1,1,NA,0,"08"
"08001",1,1,3,9,959,1,1,1,NA,0,"08"
"08758",2,1,2,2,961,1,1,1,NA,0,"08"
"08001",1,1,3,3,967,1,1,1,NA,0,"08"
"08001",1,1,3,3,972,1,1,1,NA,0,"08"
"08001",1,1,3,2,1022,1,1,1,NA,0,"08"
"08001",1,1,2,5,1025,1,1,1,NA,0,"08"
"08001",2,1,3,5,1029,1,1,1,NA,0,"08"
"08001",2,1,2,3,1030,1,1,1,NA,0,"08"
"08001",2,1,3,3,1033,1,1,1,NA,0,"08"
"08001",2,1,3,3,1042,1,1,1,NA,0,"08"
"08001",2,1,2,4,1043,1,1,1,NA,0,"08"
"08001",2,1,3,3,1051,1,1,1,NA,0,"08"
"08758",2,1,1,3,1055,1,1,1,NA,0,"08"
"08001",1,1,2,6,1061,1,1,1,NA,0,"08"
"08001",2,1,3,4,1063,1,1,1,NA,0,"08"
"08001",2,1,3,6,1076,1,1,1,NA,0,"08"
"08758",2,1,1,5,1082,1,1,1,NA,0,"08"
"08001",3,1,2,5,1100,1,1,1,NA,0,"08"
"08758",2,1,1,4,1101,1,1,1,NA,0,"08"
"08001",1,1,3,3,1116,1,1,1,NA,0,"08"
"08001",1,1,2,5,1127,1,1,1,NA,0,"08"
"08758",2,1,1,3,1131,1,1,1,NA,0,"08"
"08758",1,1,1,5,1154,1,1,1,NA,0,"08"
"08001",2,1,2,5,1157,1,1,1,NA,0,"08"
"08758",2,1,1,3,1178,1,1,1,NA,0,"08"
"08001",1,1,2,6,1182,1,1,1,NA,0,"08"
"08001",2,1,3,4,1188,1,1,1,NA,0,"08"
"08758",2,1,1,2,1195,1,1,1,NA,0,"08"
"08758",2,1,1,4,1199,1,1,1,NA,0,"08"
"08001",2,1,2,3,1208,1,1,1,NA,0,"08"
"08758",2,1,1,3,1216,1,1,1,NA,0,"08"
"08001",1,1,2,3,1220,1,1,1,NA,0,"08"
"08001",1,1,3,3,1227,1,1,1,NA,0,"08"
"08001",1,1,3,2,1266,1,1,1,NA,0,"08"
"08758",2,1,1,3,1277,1,1,1,NA,0,"08"
"08758",1,1,1,5,1285,1,1,1,NA,0,"08"
"08758",2,1,1,3,1296,1,1,1,NA,0,"08"
"08758",2,1,1,4,1314,1,1,1,NA,0,"08"
"08758",1,1,1,7,1316,1,1,1,NA,0,"08"
"08001",1,1,3,3,1325,1,1,1,NA,0,"08"
"08758",2,1,1,5,1333,1,1,1,NA,0,"08"
"08758",1,1,1,5,1337,1,1,1,NA,0,"08"
"08001",1,1,3,1,1339,1,1,1,NA,0,"08"
"08001",1,1,3,2,1367,1,1,1,NA,0,"08"
"08758",2,1,1,5,1371,1,1,1,NA,0,"08"
"08758",1,1,1,9,1374,1,1,1,NA,0,"08"
"08001",2,1,2,4,1388,1,1,1,NA,0,"08"
"08001",1,1,2,4,1389,1,1,1,NA,0,"08"
"08758",1,1,1,6,1409,1,1,1,NA,0,"08"
"08758",2,1,1,3,1416,1,1,1,NA,0,"08"
"08001",2,1,2,7,1426,1,1,1,NA,0,"08"
"08001",2,1,2,3,1462,1,1,1,NA,0,"08"
"08758",2,1,1,4,1469,1,1,1,NA,0,"08"
"08758",1,1,1,2,1476,1,1,1,NA,0,"08"
"08758",1,1,1,7,1486,1,1,1,NA,0,"08"
"08001",1,1,3,4,1510,1,1,1,NA,0,"08"
"08001",1,1,3,4,1513,1,1,1,NA,0,"08"
"08001",1,1,3,2,1541,1,1,1,NA,0,"08"
"08001",1,1,3,2,1548,1,1,1,NA,0,"08"
"08758",2,1,1,5,1572,1,1,1,NA,0,"08"
"08001",1,1,3,7,1573,1,1,1,NA,0,"08"
"08001",1,1,3,3,1574,1,1,1,NA,0,"08"
"08758",1,1,1,6,1595,1,1,1,NA,0,"08"
"08001",1,1,3,5,1597,1,1,1,NA,0,"08"
"08758",1,1,1,6,1626,1,1,1,NA,0,"08"
"08001",1,1,1,3,1767,1,1,1,NA,0,"08"
"08001",2,1,1,6,1807,1,1,1,NA,0,"08"
"08001",2,1,1,5,1848,1,1,1,NA,0,"08"
"08001",1,1,1,9,1850,1,1,1,NA,0,"08"
"08001",2,1,1,6,1875,1,1,1,NA,0,"08"
"08001",1,1,1,8,1905,1,1,1,NA,0,"08"
"08001",2,1,1,6,1921,1,1,1,NA,0,"08"
"08001",1,1,1,4,1978,1,1,1,NA,0,"08"
"08001",2,1,1,3,1987,1,1,1,NA,0,"08"
"08001",1,1,1,6,1999,1,1,1,NA,0,"08"
"08001",2,1,1,3,2007,1,1,1,NA,0,"08"
"08001",2,1,1,5,2023,1,1,1,NA,0,"08"
"08001",1,1,1,6,2026,1,1,1,NA,0,"08"
"08001",2,1,1,2,2045,1,1,1,NA,0,"08"
"08001",1,1,1,4,2067,1,1,1,NA,0,"08"
"08001",2,1,1,3,2068,1,1,1,NA,0,"08"
"08001",1,1,1,5,2102,1,1,1,NA,0,"08"
"08001",1,1,1,3,2108,1,1,1,NA,0,"08"
"08001",2,1,1,3,2135,1,1,1,NA,0,"08"
"08001",2,1,1,5,2139,1,1,1,NA,0,"08"
"08001",2,1,1,2,2163,1,1,1,NA,0,"08"
"08001",2,1,1,3,2193,1,1,1,NA,0,"08"
"08001",1,1,2,4,2527,1,1,1,NA,0,"08"
"08001",1,1,2,4,2540,1,1,1,NA,0,"08"
"08001",1,1,2,6,2543,1,1,1,NA,0,"08"
"08001",1,1,2,4,2553,1,1,1,NA,0,"08"
"08001",1,1,2,2,2560,1,1,1,NA,0,"08"
"08001",1,1,2,3,2573,1,1,1,NA,0,"08"
"08001",1,1,2,3,2580,1,1,1,NA,0,"08"
"08001",1,1,2,8,2611,1,1,1,NA,0,"08"
"08001",1,1,2,5,2630,1,1,1,NA,0,"08"
"08001",1,1,2,8,2655,1,1,1,NA,0,"08"
"08001",1,1,2,3,2657,1,1,1,NA,0,"08"
"08001",1,1,2,5,2684,1,1,1,NA,0,"08"
"08001",1,1,2,6,2699,1,1,1,NA,0,"08"
"08001",1,1,2,3,3106,1,1,1,NA,0,"08"
"08758",2,1,2,3,3125,1,1,1,NA,0,"08"
"08001",1,1,2,6,3171,1,1,1,NA,0,"08"
"08001",1,1,2,5,3187,1,1,1,NA,0,"08"
"08758",1,1,2,4,3205,1,1,1,NA,0,"08"
"08001",3,1,2,2,3213,1,1,1,NA,0,"08"
"08758",2,1,2,8,3223,1,1,1,NA,0,"08"
"08001",2,1,2,4,3230,1,1,1,NA,0,"08"
"08758",1,1,2,7,3245,1,1,1,NA,0,"08"
"08001",1,1,2,2,3252,1,1,1,NA,0,"08"
"08001",1,1,2,4,3266,1,1,1,NA,0,"08"
"08758",2,1,2,3,3273,1,1,1,NA,0,"08"
"08001",1,1,2,5,3286,1,1,1,NA,0,"08"
"08758",2,1,2,5,3290,1,1,1,NA,0,"08"
"08758",1,1,2,2,3311,1,1,1,NA,0,"08"
"08001",1,1,2,2,3312,1,1,1,NA,0,"08"
"08758",2,1,2,4,3327,1,1,1,NA,0,"08"
"08001",1,1,2,7,3329,1,1,1,NA,0,"08"
"08001",1,1,2,3,3363,1,1,1,NA,0,"08"
"08001",2,1,2,4,3440,1,1,1,NA,0,"08"
"08001",1,1,2,3,3453,1,1,1,NA,0,"08"
"08001",1,1,1,3,3458,1,1,1,NA,0,"08"
"08001",1,1,1,8,3464,1,1,1,NA,0,"08"
"08001",1,1,2,3,3467,1,1,1,NA,0,"08"
"08001",2,1,1,5,3487,1,1,1,NA,0,"08"
"08001",1,1,2,9,3488,1,1,1,NA,0,"08"
"08001",2,1,2,3,3608,1,1,1,NA,0,"08"
"08001",2,1,1,5,3614,1,1,1,NA,0,"08"
"08001",2,1,2,2,3642,1,1,1,NA,0,"08"
"08758",1,1,2,2,3657,1,1,1,NA,0,"08"
"08758",1,1,2,4,3695,1,1,1,NA,0,"08"
"08758",1,1,1,4,3713,1,1,1,NA,0,"08"
"08758",1,1,2,4,3719,1,1,1,NA,0,"08"
"08758",1,1,1,6,3733,1,1,1,NA,0,"08"
"08758",1,1,2,5,3743,1,1,1,NA,0,"08"
"08001",2,1,1,3,3745,1,1,1,NA,0,"08"
"08758",1,1,1,4,3746,1,1,1,NA,0,"08"
"08001",2,1,1,6,3747,1,1,1,NA,0,"08"
"08758",1,1,2,3,3755,1,1,1,NA,0,"08"
"08758",1,1,2,7,3759,1,1,1,NA,0,"08"
"08758",2,1,1,3,3760,1,1,1,NA,0,"08"
"08001",2,1,1,4,3770,1,1,1,NA,0,"08"
"08758",1,1,1,9,3774,1,1,1,NA,0,"08"
"08758",1,1,2,3,3792,1,1,1,NA,0,"08"
"08001",2,1,1,2,3797,1,1,1,NA,0,"08"
"08758",1,1,2,4,3800,1,1,1,NA,0,"08"
"08758",1,1,1,5,3808,1,1,1,NA,0,"08"
"08758",1,1,2,6,3823,1,1,1,NA,0,"08"
"08758",1,1,2,4,3824,1,1,1,NA,0,"08"
"08758",2,1,1,3,3839,1,1,1,NA,0,"08"
"08001",2,1,1,2,3843,1,1,1,NA,0,"08"
"08758",1,1,2,4,3859,1,1,1,NA,0,"08"
"08001",2,1,1,3,3865,1,1,1,NA,0,"08"
"08758",2,1,1,4,3874,1,1,1,NA,0,"08"
"08758",1,1,2,3,3895,1,1,1,NA,0,"08"
"08001",2,1,1,4,3911,1,1,1,NA,0,"08"
"08758",1,1,2,4,3912,1,1,1,NA,0,"08"
"08758",1,1,1,4,3913,1,1,1,NA,0,"08"
"08758",1,1,2,4,3941,1,1,1,NA,0,"08"
"08001",1,1,1,11,3942,1,1,1,NA,0,"08"
"08758",2,1,1,3,3960,1,1,1,NA,0,"08"
"08001",2,1,1,5,3963,1,1,1,NA,0,"08"
"08758",1,1,2,6,3982,1,1,1,NA,0,"08"
"08758",1,1,2,4,3991,1,1,1,NA,0,"08"
"08001",1,1,1,3,4011,1,1,1,NA,0,"08"
"08758",1,1,2,4,4014,1,1,1,NA,0,"08"
"08758",1,1,1,11,4024,1,1,1,NA,0,"08"
"08758",1,1,2,3,4027,1,1,1,NA,0,"08"
"08001",1,1,1,3,4029,1,1,1,NA,0,"08"
"08758",1,1,2,7,4048,1,1,1,NA,0,"08"
"08001",2,1,1,2,4068,1,1,1,NA,0,"08"
"08001",1,1,1,4,4623,1,1,1,NA,0,"08"
"08001",1,1,1,7,4643,1,1,1,NA,0,"08"
"08001",2,1,1,11,4675,1,1,1,NA,0,"08"
"08001",2,1,1,8,4696,1,1,1,NA,0,"08"
"08001",2,1,1,3,4843,1,1,1,NA,0,"08"
"08001",2,1,1,3,4848,1,1,1,NA,0,"08"
"08001",2,1,1,6,4854,1,1,1,NA,0,"08"
"08001",1,1,2,7,4895,1,1,1,NA,0,"08"
"08001",1,1,1,7,4896,1,1,1,NA,0,"08"
"08001",2,1,3,4,4902,1,1,1,NA,0,"08"
"08001",2,1,3,3,4927,1,1,1,NA,0,"08"
"08001",2,1,1,4,4932,1,1,1,NA,0,"08"
"08001",1,1,2,5,4951,1,1,1,NA,0,"08"
"08001",2,1,1,2,4966,1,1,1,NA,0,"08"
"08001",1,1,1,4,4969,1,1,1,NA,0,"08"
"08001",2,1,1,3,4998,1,1,1,NA,0,"08"
"08001",2,1,1,3,5005,1,1,1,NA,0,"08"
"08001",1,1,1,3,5028,1,1,1,NA,0,"08"
"08001",1,1,2,2,5034,1,1,1,NA,0,"08"
"08001",1,1,3,3,5041,1,1,1,NA,0,"08"
"08001",2,1,1,3,5051,1,1,1,NA,0,"08"
"08001",1,1,2,2,5066,1,1,1,NA,0,"08"
"08001",1,1,1,3,5084,1,1,1,NA,0,"08"
"08001",2,1,1,11,5085,1,1,1,NA,0,"08"
"08001",2,1,1,2,5086,1,1,1,NA,0,"08"
"08758",1,1,2,6,5108,1,1,1,NA,0,"08"
"08001",2,1,2,3,5114,1,1,1,NA,0,"08"
"08758",1,1,2,4,5167,1,1,1,NA,0,"08"
"08758",1,1,2,6,5206,1,1,1,NA,0,"08"
"08001",1,1,1,4,5238,1,1,1,NA,0,"08"
"08758",1,1,2,4,5245,1,1,1,NA,0,"08"
"08001",2,1,1,4,5252,1,1,1,NA,0,"08"
"08001",1,1,2,3,5255,1,1,1,NA,0,"08"
"08001",1,1,1,3,5258,1,1,1,NA,0,"08"
"08758",1,1,2,5,5263,1,1,1,NA,0,"08"
"08001",1,1,1,5,5270,1,1,1,NA,0,"08"
"08001",1,1,2,4,5273,1,1,1,NA,0,"08"
"08758",1,1,2,1,5277,1,1,1,NA,0,"08"
"08758",1,1,2,1,5292,1,1,1,NA,0,"08"
"08001",1,1,2,4,5303,1,1,1,NA,0,"08"
"08001",2,1,1,5,5315,1,1,1,NA,0,"08"
"08001",2,1,1,2,5320,1,1,1,NA,0,"08"
"08001",1,1,1,7,5331,1,1,1,NA,0,"08"
"08001",1,1,1,5,5370,1,1,1,NA,0,"08"
"08001",1,1,2,5,5373,1,1,1,NA,0,"08"
"08758",1,1,2,4,5390,1,1,1,NA,0,"08"
"08001",1,1,1,5,5393,1,1,1,NA,0,"08"
"08001",1,1,2,4,5416,1,1,1,NA,0,"08"
"08001",2,1,1,5,5417,1,1,1,NA,0,"08"
"08001",1,1,1,6,5435,1,1,1,NA,0,"08"
"08758",1,1,2,3,5474,1,1,1,NA,0,"08"
"08001",1,1,1,6,5479,1,1,1,NA,0,"08"
"08001",2,1,1,4,5486,1,1,1,NA,0,"08"
"08001",3,1,2,3,5488,1,1,1,NA,0,"08"
"08001",1,1,1,6,5500,1,1,1,NA,0,"08"
"08001",1,1,2,3,5513,1,1,1,NA,0,"08"
"08001",2,1,1,8,5522,1,1,1,NA,0,"08"
"08001",1,1,1,6,5530,1,1,1,NA,0,"08"
"08001",1,1,2,2,5540,1,1,1,NA,0,"08"
"08758",1,1,2,9,5552,1,1,1,NA,0,"08"
"08001",1,1,2,8,5562,1,1,1,NA,0,"08"
"08001",1,1,1,2,5569,1,1,1,NA,0,"08"
"08001",2,1,1,3,5574,1,1,1,NA,0,"08"
"08001",3,1,2,2,5576,1,1,1,NA,0,"08"
"08001",1,1,1,7,5583,1,1,1,NA,0,"08"
"08001",1,1,1,2,5586,1,1,1,NA,0,"08"
"08001",2,1,1,4,5590,1,1,1,NA,0,"08"
"08001",2,1,1,2,5594,1,1,1,NA,0,"08"
"08001",1,1,1,5,5603,1,1,1,NA,0,"08"
"08001",2,1,1,7,5614,1,1,1,NA,0,"08"
"08001",2,1,1,6,5627,1,1,1,NA,0,"08"
"08001",2,1,1,4,5631,1,1,1,NA,0,"08"
"08001",2,1,1,2,5634,1,1,1,NA,0,"08"
"08001",2,1,1,6,5637,1,1,1,NA,0,"08"
"08001",1,1,1,3,5684,1,1,1,NA,0,"08"
"08001",2,1,1,5,5693,1,1,1,NA,0,"08"
"08001",2,1,1,6,5738,1,1,1,NA,0,"08"
"08001",2,1,1,7,5746,1,1,1,NA,0,"08"
"08001",1,1,1,6,5770,1,1,1,NA,0,"08"
"08001",2,1,1,4,5796,1,1,1,NA,0,"08"
"08001",2,1,1,8,5800,1,1,1,NA,0,"08"
"08001",2,1,3,5,5803,1,1,1,NA,0,"08"
"08001",3,1,1,4,5825,1,1,1,NA,0,"08"
"08001",2,1,3,2,5847,1,1,1,NA,0,"08"
"08001",1,1,1,7,5849,1,1,1,NA,0,"08"
"08001",1,1,1,5,5864,1,1,1,NA,0,"08"
"08001",2,1,3,1,5879,1,1,1,NA,0,"08"
"08001",2,1,3,2,5907,1,1,1,NA,0,"08"
"08001",2,1,3,1,6002,1,1,1,NA,0,"08"
"08001",2,1,3,4,6016,1,1,1,NA,0,"08"
"08001",2,1,1,2,6050,1,1,1,NA,0,"08"
"08001",2,1,3,4,6056,1,1,1,NA,0,"08"
"08001",1,1,2,2,6070,1,1,1,NA,0,"08"
"08001",1,1,1,4,6071,1,1,1,NA,0,"08"
"08001",2,1,3,4,6076,1,1,1,NA,0,"08"
"08001",1,1,2,4,6084,1,1,1,NA,0,"08"
"08001",2,1,1,6,6087,1,1,1,NA,0,"08"
"08001",2,1,1,3,6088,1,1,1,NA,0,"08"
"08001",1,1,1,4,6102,1,1,1,NA,0,"08"
"08001",2,1,2,3,6105,1,1,1,NA,0,"08"
"08001",1,1,1,5,6113,1,1,1,NA,0,"08"
"08001",1,1,2,6,6134,1,1,1,NA,0,"08"
"08001",2,1,1,3,6137,1,1,1,NA,0,"08"
"08001",1,1,1,9,6159,1,1,1,NA,0,"08"
"08001",3,1,1,4,6183,1,1,1,NA,0,"08"
"08001",2,1,1,2,6193,1,1,1,NA,0,"08"
"08001",1,1,1,8,6199,1,1,1,NA,0,"08"
"08001",2,1,1,4,6209,1,1,1,NA,0,"08"
"08001",2,1,1,5,6229,1,1,1,NA,0,"08"
"08001",2,1,1,4,6230,1,1,1,NA,0,"08"
"08001",2,1,1,3,6274,1,1,1,NA,0,"08"
"08001",1,1,1,5,6288,1,1,1,NA,0,"08"
"08001",3,1,1,5,6296,1,1,1,NA,0,"08"
"08001",1,1,1,6,6298,1,1,1,NA,0,"08"
"08001",2,1,1,5,6313,1,1,1,NA,0,"08"
"08001",1,1,1,8,6326,1,1,1,NA,0,"08"
"08001",1,1,1,7,6342,1,1,1,NA,0,"08"
"08001",1,1,2,2,6621,1,1,1,NA,0,"08"
"08001",2,1,2,4,6625,1,1,1,NA,0,"08"
"08758",1,1,2,4,6641,1,1,1,NA,0,"08"
"08001",1,1,3,7,6671,1,1,1,NA,0,"08"
"08758",1,1,3,3,6675,1,1,1,NA,0,"08"
"08758",1,1,2,5,6713,1,1,1,NA,0,"08"
"08001",1,1,3,3,6720,1,1,1,NA,0,"08"
"08001",1,1,3,4,6734,1,1,1,NA,0,"08"
"08001",2,1,1,2,6756,1,1,1,NA,0,"08"
"08758",2,1,3,4,6773,1,1,1,NA,0,"08"
"08758",2,1,2,5,6811,1,1,1,NA,0,"08"
"08001",2,1,1,4,6812,1,1,1,NA,0,"08"
"08001",2,1,3,8,6816,1,1,1,NA,0,"08"
"08758",1,1,2,4,6848,1,1,1,NA,0,"08"
"08758",1,1,2,6,6863,1,1,1,NA,0,"08"
"08001",2,1,1,1,6882,1,1,1,NA,0,"08"
"08758",1,1,2,4,6892,1,1,1,NA,0,"08"
"08758",2,1,2,3,6918,1,1,1,NA,0,"08"
"08758",2,1,2,7,6942,1,1,1,NA,0,"08"
"08001",2,1,1,1,6944,1,1,1,NA,0,"08"
"08001",1,1,3,2,6947,1,1,1,NA,0,"08"
"08758",1,1,2,5,6954,1,1,1,NA,0,"08"
"08758",2,1,2,7,6961,1,1,1,NA,0,"08"
"08001",1,1,3,2,6970,1,1,1,NA,0,"08"
"08001",1,1,1,5,6975,1,1,1,NA,0,"08"
"08758",1,1,2,3,6976,1,1,1,NA,0,"08"
"08758",2,1,2,3,6981,1,1,1,NA,0,"08"
"08001",1,1,3,5,6982,1,1,1,NA,0,"08"
"08758",2,1,2,5,6993,1,1,1,NA,0,"08"
"08758",2,1,2,4,7008,1,1,1,NA,0,"08"
"08001",2,1,2,7,7020,1,1,1,NA,0,"08"
"08758",1,1,2,5,7026,1,1,1,NA,0,"08"
"08001",2,1,1,2,7033,1,1,1,NA,0,"08"
"08758",1,1,2,6,7058,1,1,1,NA,0,"08"
"08001",2,1,1,4,7069,1,1,1,NA,0,"08"
"08001",1,1,2,5,7082,1,1,1,NA,0,"08"
"08758",2,1,2,4,7093,1,1,1,NA,0,"08"
"08758",1,1,2,5,7098,1,1,1,NA,0,"08"
"08001",2,1,2,3,7118,1,1,1,NA,0,"08"
"08758",2,1,2,3,7133,1,1,1,NA,0,"08"
"08001",2,1,1,4,7137,1,1,1,NA,0,"08"
"08758",1,1,2,5,7153,1,1,1,NA,0,"08"
"08758",2,1,2,3,7159,1,1,1,NA,0,"08"
"08758",2,1,2,2,7192,1,1,1,NA,0,"08"
"08758",1,1,2,4,7204,1,1,1,NA,0,"08"
"08758",2,1,2,7,7222,1,1,1,NA,0,"08"
"08758",1,1,2,3,7256,1,1,1,NA,0,"08"
"08758",2,1,2,3,7263,1,1,1,NA,0,"08"
"08758",2,1,2,3,7411,1,1,1,NA,0,"08"
"08001",1,1,2,2,7423,1,1,1,NA,0,"08"
"08758",1,1,2,7,7431,1,1,1,NA,0,"08"
"08001",1,1,3,3,7437,1,1,1,NA,0,"08"
"08001",2,1,2,6,7453,1,1,1,NA,0,"08"
"08758",2,1,2,3,7472,1,1,1,NA,0,"08"
"08001",1,1,2,2,7497,1,1,1,NA,0,"08"
"08758",2,1,2,4,7511,1,1,1,NA,0,"08"
"08758",2,1,2,5,7513,1,1,1,NA,0,"08"
"08001",1,1,2,4,7521,1,1,1,NA,0,"08"
"08758",1,1,2,6,7547,1,1,1,NA,0,"08"
"08758",2,1,2,4,7562,1,1,1,NA,0,"08"
"08001",1,1,2,5,7570,1,1,1,NA,0,"08"
"08758",1,1,2,4,7592,1,1,1,NA,0,"08"
"08758",2,1,2,3,7593,1,1,1,NA,0,"08"
"08001",3,1,2,1,7623,1,1,1,NA,0,"08"
"08758",1,1,2,10,7649,1,1,1,NA,0,"08"
"08001",2,1,2,6,7657,1,1,1,NA,0,"08"
"08001",1,1,2,3,7709,1,1,1,NA,0,"08"
"08001",1,1,2,3,7748,1,1,1,NA,0,"08"
"08758",1,1,2,4,7755,1,1,1,NA,0,"08"
"08758",1,1,2,4,7827,1,1,1,NA,0,"08"
"08001",1,1,2,4,7842,1,1,1,NA,0,"08"
"08758",1,1,2,4,7855,1,1,1,NA,0,"08"
"08758",2,1,2,3,7859,1,1,1,NA,0,"08"
"08758",1,1,2,7,7869,1,1,1,NA,0,"08"
"08758",1,1,2,6,7881,1,1,1,NA,0,"08"
"08758",1,1,2,7,7903,1,1,1,NA,0,"08"
"08758",2,1,2,4,7928,1,1,1,NA,0,"08"
"08001",2,1,1,5,7949,1,1,1,NA,0,"08"
"08001",2,1,3,5,7960,1,1,1,NA,0,"08"
"08758",1,1,2,4,7988,1,1,1,NA,0,"08"
"08001",2,1,3,4,7995,1,1,1,NA,0,"08"
"08001",2,1,3,3,7996,1,1,1,NA,0,"08"
"08758",2,1,2,3,8028,1,1,1,NA,0,"08"
"08001",2,1,3,3,8038,1,1,1,NA,0,"08"
"08001",1,1,3,4,8043,1,1,1,NA,0,"08"
"08001",2,1,1,5,8045,1,1,1,NA,0,"08"
"08001",1,1,3,2,8069,1,1,1,NA,0,"08"
"08001",1,1,3,7,8102,1,1,1,NA,0,"08"
"08001",2,1,3,3,8108,1,1,1,NA,0,"08"
"08001",2,1,1,3,8132,1,1,1,NA,0,"08"
"08001",1,1,3,6,8143,1,1,1,NA,0,"08"
"08001",2,1,3,3,8151,1,1,1,NA,0,"08"
"08001",2,1,3,1,8170,1,1,1,NA,0,"08"
"08001",2,1,3,3,8177,1,1,1,NA,0,"08"
"08001",1,1,1,2,8192,1,1,1,NA,0,"08"
"08001",2,1,3,3,8202,1,1,1,NA,0,"08"
"08001",1,1,1,7,8223,1,1,1,NA,0,"08"
"08001",2,1,3,3,8227,1,1,1,NA,0,"08"
"08001",2,1,1,6,8259,1,1,1,NA,0,"08"
"08001",1,1,1,4,8285,1,1,1,NA,0,"08"
"08001",1,1,3,5,8500,1,1,1,NA,0,"08"
"08001",2,1,3,3,8552,1,1,1,NA,0,"08"
"08001",2,1,3,5,8589,1,1,1,NA,0,"08"
"08001",2,1,3,2,8593,1,1,1,NA,0,"08"
"08001",1,1,3,5,8627,1,1,1,NA,0,"08"
"08001",1,1,4,6,8641,1,1,1,NA,0,"08"
"08001",1,1,4,3,8680,1,1,1,NA,0,"08"
"08001",2,1,3,2,8687,1,1,1,NA,0,"08"
"08001",2,1,4,3,8702,1,1,1,NA,0,"08"
"08001",2,1,3,3,8755,1,1,1,NA,0,"08"
"08001",1,1,1,7,8807,1,1,1,NA,0,"08"
"08001",1,1,1,1,8896,1,1,1,NA,0,"08"
"08001",2,1,1,7,8930,1,1,1,NA,0,"08"
"08001",2,1,1,3,8941,1,1,1,NA,0,"08"
"08001",2,1,3,5,8958,1,1,1,NA,0,"08"
"08001",2,1,1,3,8973,1,1,1,NA,0,"08"
"08001",2,1,1,3,9003,1,1,1,NA,0,"08"
"08433",1,1,2,3,9235,1,1,1,NA,0,"08"
"08001",2,1,1,5,9249,1,1,1,NA,0,"08"
"08001",2,1,1,5,9276,1,1,1,NA,0,"08"
"08433",1,1,2,7,9277,1,1,1,NA,0,"08"
"08001",2,1,1,3,9283,1,1,1,NA,0,"08"
"08001",2,1,1,4,9307,1,1,1,NA,0,"08"
"08433",1,1,2,4,9329,1,1,1,NA,0,"08"
"08001",1,1,1,2,9331,1,1,1,NA,0,"08"
"08433",2,1,2,3,9354,1,1,1,NA,0,"08"
"08001",2,1,1,5,9355,1,1,1,NA,0,"08"
"08001",2,1,1,4,9367,1,1,1,NA,0,"08"
"08001",2,1,3,2,9370,1,1,1,NA,0,"08"
"08433",1,1,2,5,9396,1,1,1,NA,0,"08"
"08001",2,1,1,6,9397,1,1,1,NA,0,"08"
"08001",2,1,1,4,9431,1,1,1,NA,0,"08"
"08433",1,1,1,7,9467,1,1,1,NA,0,"08"
"08001",1,1,1,3,9497,1,1,1,NA,0,"08"
"08433",1,1,2,3,9757,1,1,1,NA,0,"08"
"08001",1,1,1,5,9758,1,1,1,NA,0,"08"
"08433",2,1,2,5,9770,1,1,1,NA,0,"08"
"08001",2,1,1,3,9773,1,1,1,NA,0,"08"
"08433",1,1,1,2,9775,1,1,1,NA,0,"08"
"08001",1,1,1,5,9776,1,1,1,NA,0,"08"
"08001",1,1,3,5,9779,1,1,1,NA,0,"08"
"08433",2,1,2,3,9787,1,1,1,NA,0,"08"
"08001",1,1,3,2,9795,1,1,1,NA,0,"08"
"08001",1,1,4,7,9796,1,1,1,NA,0,"08"
"08433",1,1,1,4,9799,1,1,1,NA,0,"08"
"08001",2,1,1,3,9800,1,1,1,NA,0,"08"
"08001",1,1,3,5,9810,1,1,1,NA,0,"08"
"08433",1,1,2,3,9811,1,1,1,NA,0,"08"
"08001",1,1,4,8,9829,1,1,1,NA,0,"08"
"08001",1,1,3,7,9830,1,1,1,NA,0,"08"
"08433",1,1,1,6,9835,1,1,1,NA,0,"08"
"08433",2,1,2,5,9840,1,1,1,NA,0,"08"
"08001",2,1,3,4,9843,1,1,1,NA,0,"08"
"08001",2,1,1,5,9845,1,1,1,NA,0,"08"
"08433",1,1,1,11,9866,1,1,1,NA,0,"08"
"08001",1,1,4,4,9873,1,1,1,NA,0,"08"
"08433",2,1,2,6,9875,1,1,1,NA,0,"08"
"08001",2,1,1,5,9900,1,1,1,NA,0,"08"
"08001",1,1,3,11,9908,1,1,1,NA,0,"08"
"08001",1,1,3,2,9909,1,1,1,NA,0,"08"
"08433",1,1,2,5,9924,1,1,1,NA,0,"08"
"08001",2,1,3,2,9931,1,1,1,NA,0,"08"
"08001",1,1,3,3,9952,1,1,1,NA,0,"08"
"08001",1,1,3,6,9961,1,1,1,NA,0,"08"
"08001",1,1,3,7,9976,1,1,1,NA,0,"08"
"08001",1,1,3,6,9995,1,1,1,NA,0,"08"
"08001",2,1,4,4,10003,1,1,1,NA,0,"08"
"08433",1,1,1,4,10006,1,1,1,NA,0,"08"
"08433",1,1,1,3,10023,1,1,1,NA,0,"08"
"08001",2,1,3,2,10026,1,1,1,NA,0,"08"
"08001",1,1,3,4,10043,1,1,1,NA,0,"08"
"08001",1,1,3,4,10110,1,1,1,NA,0,"08"
"08001",1,1,3,10,10116,1,1,1,NA,0,"08"
"08001",2,1,4,3,10119,1,1,1,NA,0,"08"
"08001",1,1,3,3,10139,1,1,1,NA,0,"08"
"08001",2,1,4,2,10142,1,1,1,NA,0,"08"
"08001",2,1,3,4,10154,1,1,1,NA,0,"08"
"08001",2,1,4,4,10166,1,1,1,NA,0,"08"
"08001",1,1,3,2,10172,1,1,1,NA,0,"08"
"08001",2,1,3,4,10191,1,1,1,NA,0,"08"
"08433",1,1,1,7,10194,1,1,1,NA,0,"08"
"08001",1,1,3,9,10233,1,1,1,NA,0,"08"
"08433",1,1,1,5,10239,1,1,1,NA,0,"08"
"08433",1,1,1,4,10242,1,1,1,NA,0,"08"
"08433",2,1,1,3,10306,1,1,1,NA,0,"08"
"08433",1,1,1,12,10333,1,1,1,NA,0,"08"
"08433",1,1,1,4,10355,1,1,1,NA,0,"08"
"08433",1,1,2,5,10360,1,1,1,NA,0,"08"
"08433",1,1,2,5,10370,1,1,1,NA,0,"08"
"08433",1,1,2,2,10375,1,1,1,NA,0,"08"
"08433",1,1,1,5,10377,1,1,1,NA,0,"08"
"08433",1,1,1,5,10386,1,1,1,NA,0,"08"
"08433",1,1,1,1,10392,1,1,1,NA,0,"08"
"08433",1,1,1,10,10394,1,1,1,NA,0,"08"
"08433",1,1,1,7,10427,1,1,1,NA,0,"08"
"08433",2,1,1,4,10445,1,1,1,NA,0,"08"
"08433",1,1,1,2,10461,1,1,1,NA,0,"08"
"08433",2,1,1,5,10463,1,1,1,NA,0,"08"
"08433",2,1,1,4,10484,1,1,1,NA,0,"08"
"08001",1,1,2,6,10486,1,1,1,NA,0,"08"
"08433",1,1,2,11,10495,1,1,1,NA,0,"08"
"08433",1,1,1,7,10506,1,1,1,NA,0,"08"
"08433",1,1,2,2,10508,1,1,1,NA,0,"08"
"08001",1,1,2,4,10509,1,1,1,NA,0,"08"
"08433",2,1,1,3,10513,1,1,1,NA,0,"08"
"08433",2,1,1,5,10542,1,1,1,NA,0,"08"
"08758",1,1,2,4,10581,1,1,1,NA,0,"08"
"08433",1,1,2,4,10590,1,1,1,NA,0,"08"
"08433",1,1,2,5,10598,1,1,1,NA,0,"08"
"08433",1,1,1,3,10605,1,1,1,NA,0,"08"
"08433",1,1,2,4,10606,1,1,1,NA,0,"08"
"08433",1,1,2,4,10617,1,1,1,NA,0,"08"
"08758",1,1,2,4,10644,1,1,1,NA,0,"08"
"08433",1,1,1,4,10648,1,1,1,NA,0,"08"
"08433",1,1,1,2,10656,1,1,1,NA,0,"08"
"08433",2,1,1,5,10663,1,1,1,NA,0,"08"
"08758",1,1,2,5,10693,1,1,1,NA,0,"08"
"08433",1,1,1,5,10696,1,1,1,NA,0,"08"
"08433",2,1,1,3,10708,1,1,1,NA,0,"08"
"08758",2,1,2,6,10718,1,1,1,NA,0,"08"
"08433",2,1,1,3,10726,1,1,1,NA,0,"08"
"08433",1,1,1,3,10727,1,1,1,NA,0,"08"
"08433",1,1,2,4,10728,1,1,1,NA,0,"08"
"08433",1,1,1,4,10739,1,1,1,NA,0,"08"
"08433",1,1,2,5,10746,1,1,1,NA,0,"08"
"08433",2,1,1,1,10747,1,1,1,NA,0,"08"
"08758",1,1,2,6,10748,1,1,1,NA,0,"08"
"08433",1,1,1,2,10749,1,1,1,NA,0,"08"
"08001",2,1,1,4,10763,1,1,1,NA,0,"08"
"08433",1,1,1,5,10771,1,1,1,NA,0,"08"
"08433",1,1,2,6,10777,1,1,1,NA,0,"08"
"08758",1,1,2,3,10782,1,1,1,NA,0,"08"
"08433",1,1,1,6,10788,1,1,1,NA,0,"08"
"08758",2,1,2,7,10793,1,1,1,NA,0,"08"
"08433",1,1,1,5,10809,1,1,1,NA,0,"08"
"08433",1,1,1,5,10820,1,1,1,NA,0,"08"
"08433",1,1,1,5,10829,1,1,1,NA,0,"08"
"08433",2,1,1,3,11024,1,1,1,NA,0,"08"
"08433",2,1,1,4,11035,1,1,1,NA,0,"08"
"08433",1,1,1,11,11083,1,1,1,NA,0,"08"
"08433",1,1,1,7,11092,1,1,1,NA,0,"08"
"08433",1,1,1,4,11102,1,1,1,NA,0,"08"
"08433",1,1,1,6,11104,1,1,1,NA,0,"08"
"08433",2,1,1,5,11109,1,1,1,NA,0,"08"
"08433",1,1,1,5,11117,1,1,1,NA,0,"08"
"08758",2,1,2,7,11131,1,1,1,NA,0,"08"
"08758",2,1,2,5,11136,1,1,1,NA,0,"08"
"08758",1,1,2,4,11140,1,1,1,NA,0,"08"
"08758",2,1,2,2,11142,1,1,1,NA,0,"08"
"08758",1,1,2,5,11148,1,1,1,NA,0,"08"
"08758",2,1,2,4,11154,1,1,1,NA,0,"08"
"08758",2,1,2,5,11160,1,1,1,NA,0,"08"
"08758",1,1,2,4,11162,1,1,1,NA,0,"08"
"08001",1,1,3,9,11164,1,1,1,NA,0,"08"
"08001",2,1,3,4,11177,1,1,1,NA,0,"08"
"08001",2,1,3,3,11181,1,1,1,NA,0,"08"
"08001",2,1,3,3,11184,1,1,1,NA,0,"08"
"08001",2,1,3,4,11188,1,1,1,NA,0,"08"
"08001",2,1,3,3,11192,1,1,1,NA,0,"08"
"08001",1,1,3,3,11193,1,1,1,NA,0,"08"
"08001",2,1,1,2,11432,1,1,1,NA,0,"08"
"08433",1,1,1,5,11452,1,1,1,NA,0,"08"
"08433",1,1,1,6,11486,1,1,1,NA,0,"08"
"08433",2,1,1,6,11541,1,1,1,NA,0,"08"
"08001",2,1,1,4,11542,1,1,1,NA,0,"08"
"08433",1,1,1,4,11580,1,1,1,NA,0,"08"
"08433",1,1,1,7,11591,1,1,1,NA,0,"08"
"08001",1,1,2,6,11708,1,1,1,NA,0,"08"
"08433",2,1,1,6,11730,1,1,1,NA,0,"08"
"08001",2,1,2,7,11761,1,1,1,NA,0,"08"
"08001",1,1,1,2,11763,1,1,1,NA,0,"08"
"08433",2,1,1,3,11778,1,1,1,NA,0,"08"
"08433",2,1,1,3,11779,1,1,1,NA,0,"08"
"08001",1,1,1,4,11787,1,1,1,NA,0,"08"
"08001",3,1,1,4,11810,1,1,1,NA,0,"08"
"08433",1,1,1,1,11834,1,1,1,NA,0,"08"
"08433",1,1,1,5,11835,1,1,1,NA,0,"08"
"08001",1,1,1,1,11849,1,1,1,NA,0,"08"
"08001",3,1,1,3,11887,1,1,1,NA,0,"08"
"08433",1,1,1,6,11906,1,1,1,NA,0,"08"
"08433",1,1,1,2,11914,1,1,1,NA,0,"08"
"08001",1,1,1,3,11971,1,1,1,NA,0,"08"
"08001",1,1,2,6,11988,1,1,1,NA,0,"08"
"08433",2,1,1,4,11999,1,1,1,NA,0,"08"
"08001",2,1,1,4,12038,1,1,1,NA,0,"08"
"08433",1,1,1,10,12040,1,1,1,NA,0,"08"
"08001",2,1,1,4,12076,1,1,1,NA,0,"08"
"08001",1,1,1,11,12091,1,1,1,NA,0,"08"
"08433",1,1,1,6,12122,1,1,1,NA,0,"08"
"08001",2,1,1,4,12169,1,1,1,NA,0,"08"
"08001",1,1,1,9,12178,1,1,1,NA,0,"08"
"08001",1,1,2,6,12208,1,1,1,NA,0,"08"
"08001",2,1,1,4,12227,1,1,1,NA,0,"08"
"08001",1,1,2,3,12239,1,1,1,NA,0,"08"
"08001",2,1,1,3,12381,1,1,1,NA,0,"08"
"08001",1,1,3,3,12392,1,1,1,NA,0,"08"
"08001",1,1,1,4,12494,1,1,1,NA,0,"08"
"08001",2,1,3,4,12502,1,1,1,NA,0,"08"
"08001",1,1,1,6,12545,1,1,1,NA,0,"08"
"08001",2,1,1,2,12570,1,1,1,NA,0,"08"
"08001",1,1,3,3,12586,1,1,1,NA,0,"08"
"08001",2,1,1,9,12607,1,1,1,NA,0,"08"
"08001",1,1,3,3,12668,1,1,1,NA,0,"08"
"08001",2,1,1,7,12699,1,1,1,NA,0,"08"
"08001",2,1,1,5,12770,1,1,1,NA,0,"08"
"08758",2,1,1,2,12776,1,1,1,NA,0,"08"
"08001",2,1,1,6,12871,1,1,1,NA,0,"08"
"08001",1,1,3,3,12888,1,1,1,NA,0,"08"
"08001",1,1,1,5,12922,1,1,1,NA,0,"08"
"08001",2,1,3,1,12935,1,1,1,NA,0,"08"
"08758",1,1,1,7,12947,1,1,1,NA,0,"08"
"08001",2,1,1,5,12948,1,1,1,NA,0,"08"
"08001",1,1,1,4,12960,1,1,1,NA,0,"08"
"08001",2,1,3,4,12973,1,1,1,NA,0,"08"
"08001",1,1,1,9,12999,1,1,1,NA,0,"08"
"08001",1,1,1,7,13003,1,1,1,NA,0,"08"
"08758",1,1,1,2,13019,1,1,1,NA,0,"08"
"08001",2,1,1,10,13069,1,1,1,NA,0,"08"
"08001",1,1,1,7,13095,1,1,1,NA,0,"08"
"08001",1,1,1,4,13257,1,1,1,NA,0,"08"
"08001",2,1,1,3,13298,1,1,1,NA,0,"08"
"08001",1,1,1,3,13352,1,1,1,NA,0,"08"
"08001",1,1,1,4,13373,1,1,1,NA,0,"08"
"08001",2,1,1,5,13400,1,1,1,NA,0,"08"
"08001",1,1,1,3,13686,1,1,1,NA,0,"08"
"08001",1,1,1,10,13701,1,1,1,NA,0,"08"
"08758",2,1,2,5,13726,1,1,1,NA,0,"08"
"08001",2,1,1,5,13727,1,1,1,NA,0,"08"
"08001",2,1,1,4,13951,1,1,1,NA,0,"08"
"08001",2,1,4,3,13992,1,1,1,NA,0,"08"
"08001",1,1,1,4,14008,1,1,1,NA,0,"08"
"08758",2,1,2,3,14022,1,1,1,NA,0,"08"
"08758",1,1,2,5,14061,1,1,1,NA,0,"08"
"08001",1,1,4,3,14088,1,1,1,NA,0,"08"
"08758",2,1,2,2,14136,1,1,1,NA,0,"08"
"08001",1,1,4,5,14145,1,1,1,NA,0,"08"
"08758",2,1,2,3,14185,1,1,1,NA,0,"08"
"08758",2,1,2,3,14231,1,1,1,NA,0,"08"
"08001",1,1,4,5,14232,1,1,1,NA,0,"08"
"08758",2,1,2,2,14239,1,1,1,NA,0,"08"
"08001",2,1,4,5,14242,1,1,1,NA,0,"08"
"08001",2,1,4,2,14251,1,1,1,NA,0,"08"
"08433",1,1,2,5,14321,1,1,1,NA,0,"08"
"08433",1,1,2,5,14344,1,1,1,NA,0,"08"
"08758",1,1,2,4,14351,1,1,1,NA,0,"08"
"08758",2,1,2,7,14353,1,1,1,NA,0,"08"
"08758",2,1,2,6,14360,1,1,1,NA,0,"08"
"08758",2,1,2,4,14374,1,1,1,NA,0,"08"
"08758",2,1,2,3,14384,1,1,1,NA,0,"08"
"08758",1,1,2,5,14385,1,1,1,NA,0,"08"
"08758",1,1,2,4,14399,1,1,1,NA,0,"08"
"08758",1,1,2,10,14415,1,1,1,NA,0,"08"
"08758",2,1,2,3,14433,1,1,1,NA,0,"08"
"08758",1,1,1,4,14462,1,1,1,NA,0,"08"
"08758",1,1,1,4,14466,1,1,1,NA,0,"08"
"08758",2,1,2,3,14467,1,1,1,NA,0,"08"
"08758",1,1,1,12,14477,1,1,1,NA,0,"08"
"08758",2,1,2,4,14487,1,1,1,NA,0,"08"
"08758",2,1,1,1,14495,1,1,1,NA,0,"08"
"08758",3,1,1,6,14504,1,1,1,NA,0,"08"
"08758",2,1,1,5,14511,1,1,1,NA,0,"08"
"08758",1,1,1,4,14531,1,1,1,NA,0,"08"
"08758",1,1,2,2,14536,1,1,1,NA,0,"08"
"08758",1,1,1,3,14543,1,1,1,NA,0,"08"
"08758",2,1,1,5,14556,1,1,1,NA,0,"08"
"08758",2,1,2,6,14562,1,1,1,NA,0,"08"
"08433",1,1,1,4,14595,1,1,1,NA,0,"08"
"08758",2,1,1,6,14605,1,1,1,NA,0,"08"
"08433",1,1,1,7,14606,1,1,1,NA,0,"08"
"08758",2,1,2,3,14614,1,1,1,NA,0,"08"
"08433",1,1,1,4,14617,1,1,1,NA,0,"08"
"08433",1,1,1,4,14623,1,1,1,NA,0,"08"
"08433",1,1,1,3,14626,1,1,1,NA,0,"08"
"08758",1,1,1,5,14627,1,1,1,NA,0,"08"
"08433",1,1,1,1,14636,1,1,1,NA,0,"08"
"08433",1,1,1,7,14639,1,1,1,NA,0,"08"
"08758",2,1,1,3,14646,1,1,1,NA,0,"08"
"08001",2,1,1,6,14651,1,1,1,NA,0,"08"
"08433",1,1,1,7,14652,1,1,1,NA,0,"08"
"08758",1,1,1,3,14655,1,1,1,NA,0,"08"
"08433",1,1,1,4,14659,1,1,1,NA,0,"08"
"08758",1,1,2,5,14662,1,1,1,NA,0,"08"
"08433",1,1,1,2,14665,1,1,1,NA,0,"08"
"08433",1,1,1,4,14668,1,1,1,NA,0,"08"
"08758",2,1,1,2,14671,1,1,1,NA,0,"08"
"08433",1,1,1,5,14676,1,1,1,NA,0,"08"
"08433",2,1,1,6,14678,1,1,1,NA,0,"08"
"08001",1,1,1,3,14679,1,1,1,NA,0,"08"
"08433",1,1,1,11,14681,1,1,1,NA,0,"08"
"08758",1,1,1,4,14685,1,1,1,NA,0,"08"
"08433",2,1,1,3,14691,1,1,1,NA,0,"08"
"08001",1,1,1,5,14699,1,1,1,NA,0,"08"
"08758",1,1,1,5,14707,1,1,1,NA,0,"08"
"08001",1,1,1,6,14722,1,1,1,NA,0,"08"
"08758",1,1,1,4,14728,1,1,1,NA,0,"08"
"08758",2,1,2,6,14730,1,1,1,NA,0,"08"
"08758",1,1,2,5,14735,1,1,1,NA,0,"08"
"08758",1,1,2,5,14743,1,1,1,NA,0,"08"
"08758",2,1,1,6,14745,1,1,1,NA,0,"08"
"08758",2,1,2,6,14747,1,1,1,NA,0,"08"
"08758",2,1,1,4,14772,1,1,1,NA,0,"08"
"08758",3,1,1,5,14790,1,1,1,NA,0,"08"
"08758",3,1,1,3,14797,1,1,1,NA,0,"08"
"08758",1,1,1,6,14802,1,1,1,NA,0,"08"
"08758",2,1,1,3,14806,1,1,1,NA,0,"08"
"08001",2,1,1,4,14887,1,1,1,NA,0,"08"
"08758",2,1,2,2,14894,1,1,1,NA,0,"08"
"08001",1,1,1,5,14914,1,1,1,NA,0,"08"
"08758",1,1,2,5,14917,1,1,1,NA,0,"08"
"08001",2,1,1,3,14973,1,1,1,NA,0,"08"
"08001",2,1,1,4,15008,1,1,1,NA,0,"08"
"08001",1,1,1,4,15084,1,1,1,NA,0,"08"
"08001",2,1,2,7,15132,1,1,1,NA,0,"08"
"08001",1,1,1,4,15170,1,1,1,NA,0,"08"
"08001",2,1,2,3,15206,1,1,1,NA,0,"08"
"08758",2,1,2,4,15296,1,1,1,NA,0,"08"
"08758",1,1,2,2,15313,1,1,1,NA,0,"08"
"08001",2,1,2,4,15320,1,1,1,NA,0,"08"
"08758",1,1,2,7,15330,1,1,1,NA,0,"08"
"08758",1,1,2,4,15347,1,1,1,NA,0,"08"
"08758",2,1,1,7,15355,1,1,1,NA,0,"08"
"08001",2,1,2,6,15363,1,1,1,NA,0,"08"
"08758",1,1,2,8,15369,1,1,1,NA,0,"08"
"08758",3,1,1,5,15377,1,1,1,NA,0,"08"
"08001",2,1,3,5,15379,1,1,1,NA,0,"08"
"08001",2,1,2,4,15380,1,1,1,NA,0,"08"
"08001",2,1,3,4,15387,1,1,1,NA,0,"08"
"08001",2,1,3,2,15388,1,1,1,NA,0,"08"
"08001",1,1,3,3,15395,1,1,1,NA,0,"08"
"08001",2,1,3,6,15400,1,1,1,NA,0,"08"
"08001",2,1,3,2,15406,1,1,1,NA,0,"08"
"08758",2,1,2,3,15407,1,1,1,NA,0,"08"
"08001",1,1,1,5,15410,1,1,1,NA,0,"08"
"08001",1,1,3,6,15411,1,1,1,NA,0,"08"
"08001",2,1,2,2,15413,1,1,1,NA,0,"08"
"08758",2,1,2,5,15424,1,1,1,NA,0,"08"
"08001",2,1,2,5,15435,1,1,1,NA,0,"08"
"08758",2,1,2,3,15448,1,1,1,NA,0,"08"
"08758",2,1,2,5,15465,1,1,1,NA,0,"08"
"08758",1,1,2,4,15488,1,1,1,NA,0,"08"
"08758",2,1,2,4,15509,1,1,1,NA,0,"08"
"08001",1,1,1,6,15511,1,1,1,NA,0,"08"
"08001",1,1,1,6,15547,1,1,1,NA,0,"08"
"08001",1,1,3,10,15556,1,1,1,NA,0,"08"
"08758",2,1,2,4,15560,1,1,1,NA,0,"08"
"08001",2,1,3,2,15563,1,1,1,NA,0,"08"
"08001",2,1,3,5,15573,1,1,1,NA,0,"08"
"08001",2,1,1,6,15580,1,1,1,NA,0,"08"
"08758",1,1,2,5,15589,1,1,1,NA,0,"08"
"08001",1,1,3,2,15604,1,1,1,NA,0,"08"
"08758",1,1,2,4,15617,1,1,1,NA,0,"08"
"08758",2,1,2,5,15643,1,1,1,NA,0,"08"
"08758",1,1,2,3,15663,1,1,1,NA,0,"08"
"08001",2,1,1,4,15700,1,1,1,NA,0,"08"
"08001",2,1,1,4,15707,1,1,1,NA,0,"08"
"08001",1,1,1,6,15714,1,1,1,NA,0,"08"
"08001",1,1,3,4,15865,1,1,1,NA,0,"08"
"08001",1,1,3,5,15871,1,1,1,NA,0,"08"
"08001",1,1,3,4,15872,1,1,1,NA,0,"08"
"08001",1,1,1,2,15896,1,1,1,NA,0,"08"
"08001",2,1,1,2,15897,1,1,1,NA,0,"08"
"08001",1,1,1,3,15898,1,1,1,NA,0,"08"
"08001",1,1,1,4,15899,1,1,1,NA,0,"08"
"08001",2,1,1,2,15900,1,1,1,NA,0,"08"
"08001",2,1,1,5,15901,1,1,1,NA,0,"08"
"08001",2,1,1,5,15902,1,1,1,NA,0,"08"
"08001",2,1,1,5,15903,1,1,1,NA,0,"08"
"08001",2,1,1,4,15904,1,1,1,NA,0,"08"
"08001",2,1,1,7,15905,1,1,1,NA,0,"08"
"08001",2,1,4,3,15914,1,1,1,NA,0,"08"
"08001",2,1,4,2,15915,1,1,1,NA,0,"08"
"08001",2,1,4,3,15916,1,1,1,NA,0,"08"
"08001",2,1,4,4,15917,1,1,1,NA,0,"08"
"08001",2,1,4,6,15922,1,1,1,NA,0,"08"
"08001",1,1,1,4,15927,1,1,1,NA,0,"08"
"08001",1,1,1,4,15928,1,1,1,NA,0,"08"
"08001",1,1,1,7,15929,1,1,1,NA,0,"08"
"08001",1,1,1,5,15932,1,1,1,NA,0,"08"
"08758",1,1,2,5,16068,1,1,1,NA,0,"08"
"08433",1,1,1,3,16184,1,1,1,NA,0,"08"
"08001",2,1,4,1,16299,1,1,1,NA,0,"08"
"08001",1,1,4,1,16358,1,1,1,NA,0,"08"
"08001",2,1,4,1,16378,1,1,1,NA,0,"08"
"08758",2,1,1,10,16494,1,1,1,NA,0,"08"
"08001",2,1,4,4,16506,1,1,1,NA,0,"08"
"08001",2,1,4,2,16533,1,1,1,NA,0,"08"
"08001",2,1,1,6,16536,1,1,1,NA,0,"08"
"08001",1,1,4,3,16564,1,1,1,NA,0,"08"
"08758",1,1,1,4,16568,1,1,1,NA,0,"08"
"08001",2,1,2,4,16577,1,1,1,NA,0,"08"
"08001",1,1,2,8,16584,1,1,1,NA,0,"08"
"08001",1,1,2,5,16586,1,1,1,NA,0,"08"
"08001",2,1,1,6,16589,1,1,1,NA,0,"08"
"08001",1,1,2,6,16592,1,1,1,NA,0,"08"
"08001",2,1,3,4,16601,1,1,1,NA,0,"08"
"08001",2,1,2,3,16604,1,1,1,NA,0,"08"
"08001",1,1,2,4,16608,1,1,1,NA,0,"08"
"08001",1,1,4,3,16609,1,1,1,NA,0,"08"
"08001",2,1,2,2,16618,1,1,1,NA,0,"08"
"08001",2,1,4,4,16626,1,1,1,NA,0,"08"
"08001",2,1,1,6,16627,1,1,1,NA,0,"08"
"08758",2,1,1,3,16646,1,1,1,NA,0,"08"
"08001",3,1,3,3,16650,1,1,1,NA,0,"08"
"08001",2,1,1,3,16661,1,1,1,NA,0,"08"
"08758",2,1,1,11,16672,1,1,1,NA,0,"08"
"08001",1,1,1,6,16678,1,1,1,NA,0,"08"
"08001",1,1,3,3,16684,1,1,1,NA,0,"08"
"08001",2,1,1,5,16709,1,1,1,NA,0,"08"
"08001",2,1,3,4,16733,1,1,1,NA,0,"08"
"08001",2,1,1,5,16741,1,1,1,NA,0,"08"
"08001",1,1,3,4,16759,1,1,1,NA,0,"08"
"08758",2,1,1,5,16771,1,1,1,NA,0,"08"
"08001",2,1,1,4,16774,1,1,1,NA,0,"08"
"08001",2,1,1,7,16815,1,1,1,NA,0,"08"
"08001",2,1,3,3,16819,1,1,1,NA,0,"08"
"08758",2,1,1,10,16849,1,1,1,NA,0,"08"
"08758",1,1,2,6,16874,1,1,1,NA,0,"08"
"08758",2,1,1,5,16891,1,1,1,NA,0,"08"
"08758",1,1,2,3,16896,1,1,1,NA,0,"08"
"08758",2,1,1,7,16917,1,1,1,NA,0,"08"
"08758",2,1,2,8,16918,1,1,1,NA,0,"08"
"08758",2,1,2,2,16962,1,1,1,NA,0,"08"
"08758",2,1,2,3,16979,1,1,1,NA,0,"08"
"08758",1,1,2,5,16992,1,1,1,NA,0,"08"
"08758",1,1,2,6,17010,1,1,1,NA,0,"08"
"08758",2,1,2,3,17012,1,1,1,NA,0,"08"
"08758",1,1,2,5,17017,1,1,1,NA,0,"08"
"08001",2,1,1,4,17018,1,1,1,NA,0,"08"
"08758",1,1,2,4,17021,1,1,1,NA,0,"08"
"08758",1,1,2,6,17022,1,1,1,NA,0,"08"
"08001",2,1,1,4,17025,1,1,1,NA,0,"08"
"08758",1,1,2,7,17026,1,1,1,NA,0,"08"
"08001",2,1,3,6,17079,1,1,1,NA,0,"08"
"08001",2,1,3,5,17105,1,1,1,NA,0,"08"
"08001",2,1,1,4,17112,1,1,1,NA,0,"08"
"08001",1,1,3,4,17115,1,1,1,NA,0,"08"
"08001",1,1,3,4,17123,1,1,1,NA,0,"08"
"08001",1,1,3,4,17129,1,1,1,NA,0,"08"
"08001",2,1,1,3,17167,1,1,1,NA,0,"08"
"08001",2,1,2,2,17177,1,1,1,NA,0,"08"
"08001",1,1,1,4,17191,1,1,1,NA,0,"08"
"08001",1,1,2,1,17225,1,1,1,NA,0,"08"
"08758",2,1,1,8,17239,1,1,1,NA,0,"08"
"08001",1,1,1,7,17257,1,1,1,NA,0,"08"
"08001",1,1,2,6,17260,1,1,1,NA,0,"08"
"08001",2,1,1,4,17268,1,1,1,NA,0,"08"
"08758",1,1,2,4,17319,1,1,1,NA,0,"08"
"08001",1,1,1,5,17333,1,1,1,NA,0,"08"
"08001",2,1,1,10,17334,1,1,1,NA,0,"08"
"08001",2,1,1,1,17362,1,1,1,NA,0,"08"
"08758",2,1,2,1,17371,1,1,1,NA,0,"08"
"08758",1,1,2,3,17410,1,1,1,NA,0,"08"
"08001",1,1,1,5,17412,1,1,1,NA,0,"08"
"08001",3,1,1,4,17425,1,1,1,NA,0,"08"
"08001",2,1,1,1,17448,1,1,1,NA,0,"08"
"08001",2,1,1,2,17466,1,1,1,NA,0,"08"
"08001",1,1,1,5,17489,1,1,1,NA,0,"08"
"08001",2,1,1,12,17511,1,1,1,NA,0,"08"
"08758",1,1,2,4,17512,1,1,1,NA,0,"08"
"08001",2,1,3,2,17520,1,1,1,NA,0,"08"
"08001",1,1,1,5,17535,1,1,1,NA,0,"08"
"08001",2,1,3,2,17574,1,1,1,NA,0,"08"
"08001",2,1,3,3,17684,1,1,1,NA,0,"08"
"08758",1,1,2,6,17705,1,1,1,NA,0,"08"
"08001",1,1,3,4,17706,1,1,1,NA,0,"08"
"08001",1,1,1,4,17712,1,1,1,NA,0,"08"
"08001",1,1,1,2,17741,1,1,1,NA,0,"08"
"08758",2,1,2,1,17742,1,1,1,NA,0,"08"
"08001",1,1,1,2,17752,1,1,1,NA,0,"08"
"08001",2,1,1,4,17764,1,1,1,NA,0,"08"
"08001",2,1,1,2,17777,1,1,1,NA,0,"08"
"08758",2,1,2,4,17793,1,1,1,NA,0,"08"
"08001",1,1,1,4,17794,1,1,1,NA,0,"08"
"08001",2,1,4,1,17816,1,1,1,NA,0,"08"
"08001",2,1,1,7,17842,1,1,1,NA,0,"08"
"08758",2,1,2,4,17856,1,1,1,NA,0,"08"
"08001",2,1,4,5,17860,1,1,1,NA,0,"08"
"08001",1,1,1,4,17879,1,1,1,NA,0,"08"
"08001",2,1,4,5,17902,1,1,1,NA,0,"08"
"08001",2,1,3,5,17976,1,1,1,NA,0,"08"
"08001",2,1,3,3,18020,1,1,1,NA,0,"08"
"08001",2,1,2,5,18374,1,1,1,NA,0,"08"
"08001",2,1,2,4,18418,1,1,1,NA,0,"08"
"08001",2,1,1,4,18454,1,1,1,NA,0,"08"
"08001",1,1,3,4,18469,1,1,1,NA,0,"08"
"08001",2,1,3,3,18485,1,1,1,NA,0,"08"
"08001",2,1,3,4,18518,1,1,1,NA,0,"08"
"08001",2,1,1,3,18523,1,1,1,NA,0,"08"
"08001",1,1,3,5,18536,1,1,1,NA,0,"08"
"08001",2,1,1,3,18574,1,1,1,NA,0,"08"
"08001",2,1,3,3,18598,1,1,1,NA,0,"08"
"08001",2,1,1,4,18609,1,1,1,NA,0,"08"
"08001",1,1,3,7,18610,1,1,1,NA,0,"08"
"08001",2,1,3,3,18636,1,1,1,NA,0,"08"
"08001",1,1,3,3,18647,1,1,1,NA,0,"08"
"08001",2,1,1,4,18663,1,1,1,NA,0,"08"
"08001",2,1,3,3,18766,1,1,1,NA,0,"08"
"08001",2,1,1,3,18767,1,1,1,NA,0,"08"
"08001",2,1,1,6,18783,1,1,1,NA,0,"08"
"08001",1,1,3,6,18784,1,1,1,NA,0,"08"
"08001",2,1,1,2,18796,1,1,1,NA,0,"08"
"08001",2,1,3,6,18806,1,1,1,NA,0,"08"
"08001",2,1,3,2,18811,1,1,1,NA,0,"08"
"08001",2,1,1,3,18812,1,1,1,NA,0,"08"
"08001",1,1,1,4,18833,1,1,1,NA,0,"08"
"08001",2,1,3,3,18837,1,1,1,NA,0,"08"
"08001",2,1,1,3,18854,1,1,1,NA,0,"08"
"08001",1,1,3,2,18864,1,1,1,NA,0,"08"
"08001",1,1,1,4,18887,1,1,1,NA,0,"08"
"08001",1,1,3,7,18895,1,1,1,NA,0,"08"
"08001",2,1,1,5,18922,1,1,1,NA,0,"08"
"08001",2,1,1,6,18949,1,1,1,NA,0,"08"
"08001",1,1,1,4,18970,1,1,1,NA,0,"08"
"08001",2,1,3,2,18987,1,1,1,NA,0,"08"
"08001",2,1,1,4,19002,1,1,1,NA,0,"08"
"08001",2,1,3,4,19011,1,1,1,NA,0,"08"
"08001",1,1,3,10,19017,1,1,1,NA,0,"08"
"08001",2,1,1,3,19020,1,1,1,NA,0,"08"
"08001",2,1,1,2,19047,1,1,1,NA,0,"08"
"08001",2,1,3,4,19050,1,1,1,NA,0,"08"
"08001",1,1,1,4,19059,1,1,1,NA,0,"08"
"08001",2,1,3,3,19072,1,1,1,NA,0,"08"
"08001",2,1,3,1,19095,1,1,1,NA,0,"08"
"08001",2,1,3,4,19279,1,1,1,NA,0,"08"
"08001",2,1,3,1,19424,1,1,1,NA,0,"08"
"08001",1,1,3,4,19447,1,1,1,NA,0,"08"
"08001",2,1,3,3,19483,1,1,1,NA,0,"08"
"08001",2,1,3,2,19484,1,1,1,NA,0,"08"
"08001",2,1,1,3,19523,1,1,1,NA,0,"08"
"08001",1,1,1,6,19527,1,1,1,NA,0,"08"
"08001",1,1,3,3,19533,1,1,1,NA,0,"08"
"08001",1,1,1,6,19561,1,1,1,NA,0,"08"
"08001",2,1,1,6,19574,1,1,1,NA,0,"08"
"08001",2,1,1,4,19582,1,1,1,NA,0,"08"
"08001",2,1,3,3,19591,1,1,1,NA,0,"08"
"08001",1,1,1,5,19595,1,1,1,NA,0,"08"
"08001",1,1,1,2,19627,1,1,1,NA,0,"08"
"08001",2,1,3,2,19637,1,1,1,NA,0,"08"
"08001",2,1,1,3,19645,1,1,1,NA,0,"08"
"08001",1,1,1,10,19654,1,1,1,NA,0,"08"
"08001",1,1,1,7,19669,1,1,1,NA,0,"08"
"08001",1,1,1,5,19670,1,1,1,NA,0,"08"
"08001",1,1,1,7,19688,1,1,1,NA,0,"08"
"08001",1,1,1,4,19701,1,1,1,NA,0,"08"
"08001",2,1,3,3,19712,1,1,1,NA,0,"08"
"08001",3,1,1,5,19780,1,1,1,NA,0,"08"
"08001",2,1,1,6,19800,1,1,1,NA,0,"08"
"08001",2,1,2,3,19982,1,1,1,NA,0,"08"
"08001",2,1,2,2,19997,1,1,1,NA,0,"08"
"08001",2,1,2,5,20008,1,1,1,NA,0,"08"
"08001",1,1,3,4,20013,1,1,1,NA,0,"08"
"08758",1,1,2,5,20016,1,1,1,NA,0,"08"
"08001",2,1,1,5,20018,1,1,1,NA,0,"08"
"08001",3,1,1,5,20020,1,1,1,NA,0,"08"
"08001",2,1,2,3,20027,1,1,1,NA,0,"08"
"08001",2,1,3,6,20033,1,1,1,NA,0,"08"
"08001",2,1,1,4,20034,1,1,1,NA,0,"08"
"08001",3,1,2,4,20039,1,1,1,NA,0,"08"
"08001",3,1,1,3,20051,1,1,1,NA,0,"08"
"08001",2,1,1,8,20052,1,1,1,NA,0,"08"
"08001",1,1,2,3,20054,1,1,1,NA,0,"08"
"08001",1,1,3,5,20063,1,1,1,NA,0,"08"
"08758",1,1,2,5,20065,1,1,1,NA,0,"08"
"08001",1,1,1,6,20072,1,1,1,NA,0,"08"
"08001",2,1,2,2,20074,1,1,1,NA,0,"08"
"08001",1,1,3,5,20081,1,1,1,NA,0,"08"
"08001",1,1,1,4,20084,1,1,1,NA,0,"08"
"08758",1,1,2,3,20098,1,1,1,NA,0,"08"
"08001",1,1,1,4,20099,1,1,1,NA,0,"08"
"08758",2,1,2,4,20118,1,1,1,NA,0,"08"
"08001",1,1,1,5,20120,1,1,1,NA,0,"08"
"08001",2,1,1,4,20122,1,1,1,NA,0,"08"
"08001",1,1,1,4,20136,1,1,1,NA,0,"08"
"08758",1,1,2,4,20157,1,1,1,NA,0,"08"
"08001",2,1,1,3,20195,1,1,1,NA,0,"08"
"08758",2,1,2,3,20217,1,1,1,NA,0,"08"
"08001",1,1,1,11,20229,1,1,1,NA,0,"08"
"08001",2,1,1,6,20276,1,1,1,NA,0,"08"
"08001",2,1,3,3,20299,1,1,1,NA,0,"08"
"08758",2,1,2,3,20304,1,1,1,NA,0,"08"
"08758",1,1,2,4,20307,1,1,1,NA,0,"08"
"08001",1,1,3,3,20308,1,1,1,NA,0,"08"
"08001",1,1,3,4,20315,1,1,1,NA,0,"08"
"08001",1,1,3,3,20321,1,1,1,NA,0,"08"
"08001",2,1,3,1,20326,1,1,1,NA,0,"08"
"08001",2,1,3,2,20340,1,1,1,NA,0,"08"
"08001",2,1,1,4,20349,1,1,1,NA,0,"08"
"08001",2,1,1,8,20369,1,1,1,NA,0,"08"
"08001",2,1,1,7,20398,1,1,1,NA,0,"08"
"08001",2,1,1,1,20427,1,1,1,NA,0,"08"
"08001",2,1,1,8,20437,1,1,1,NA,0,"08"
"08001",2,1,1,3,20449,1,1,1,NA,0,"08"
"08001",1,1,1,4,20458,1,1,1,NA,0,"08"
"08001",1,1,1,6,20470,1,1,1,NA,0,"08"
"08001",2,1,1,2,20475,1,1,1,NA,0,"08"
"08758",1,1,2,4,20789,1,1,1,NA,0,"08"
"08758",2,1,2,4,20790,1,1,1,NA,0,"08"
"08758",1,1,2,5,20791,1,1,1,NA,0,"08"
"08758",1,1,2,4,20792,1,1,1,NA,0,"08"
"08758",1,1,2,5,20793,1,1,1,NA,0,"08"
"08758",1,1,2,2,20794,1,1,1,NA,0,"08"
"08758",1,1,2,4,20795,1,1,1,NA,0,"08"
"08758",1,1,2,3,20796,1,1,1,NA,0,"08"
"08758",1,1,2,1,20797,1,1,1,NA,0,"08"
"08001",2,1,4,4,20996,1,1,1,NA,0,"08"
"08001",2,1,4,7,21030,1,1,1,NA,0,"08"
"08758",1,1,2,6,21045,1,1,1,NA,0,"08"
"08758",1,1,2,5,21105,1,1,1,NA,0,"08"
"08001",2,1,4,4,21137,1,1,1,NA,0,"08"
"08758",1,1,2,9,21157,1,1,1,NA,0,"08"
"08001",1,1,3,6,21237,1,1,1,NA,0,"08"
"08001",2,1,1,5,21262,1,1,1,NA,0,"08"
"08001",1,1,3,5,21297,1,1,1,NA,0,"08"
"08001",1,1,3,3,21307,1,1,1,NA,0,"08"
"08001",2,1,1,4,21317,1,1,1,NA,0,"08"
"08001",2,1,1,5,21328,1,1,1,NA,0,"08"
"08001",2,1,1,4,21337,1,1,1,NA,0,"08"
"08001",2,1,3,3,21345,1,1,1,NA,0,"08"
"08001",1,1,3,5,21445,1,1,1,NA,0,"08"
"08758",1,1,1,5,21463,1,1,1,NA,0,"08"
"08001",1,1,3,5,21488,1,1,1,NA,0,"08"
"08001",1,1,3,4,21511,1,1,1,NA,0,"08"
"08758",1,1,1,5,21515,1,1,1,NA,0,"08"
"08758",2,1,1,2,21541,1,1,1,NA,0,"08"
"08001",2,1,4,4,21543,1,1,1,NA,0,"08"
"08001",2,1,1,4,21550,1,1,1,NA,0,"08"
"08001",1,1,3,4,21561,1,1,1,NA,0,"08"
"08758",2,1,1,8,21598,1,1,1,NA,0,"08"
"08001",2,1,4,5,21603,1,1,1,NA,0,"08"
"08001",2,1,1,3,21616,1,1,1,NA,0,"08"
"08001",2,1,1,5,21636,1,1,1,NA,0,"08"
"08758",1,1,1,3,21641,1,1,1,NA,0,"08"
"08001",2,1,4,4,21660,1,1,1,NA,0,"08"
"08758",2,1,1,4,21673,1,1,1,NA,0,"08"
"08001",1,1,1,3,21676,1,1,1,NA,0,"08"
"08758",1,1,1,2,21710,1,1,1,NA,0,"08"
"08001",2,1,4,4,21712,1,1,1,NA,0,"08"
"08001",2,1,3,1,21715,1,1,1,NA,0,"08"
"08001",2,1,1,5,21729,1,1,1,NA,0,"08"
"08001",2,1,1,6,21733,1,1,1,NA,0,"08"
"08001",2,1,4,1,21761,1,1,1,NA,0,"08"
"08758",2,1,1,1,21768,1,1,1,NA,0,"08"
"08758",1,1,1,3,21770,1,1,1,NA,0,"08"
"08001",2,1,1,3,21779,1,1,1,NA,0,"08"
"08001",2,1,1,7,21784,1,1,1,NA,0,"08"
"08758",1,1,1,3,21790,1,1,1,NA,0,"08"
"08001",2,1,4,5,21793,1,1,1,NA,0,"08"
"08758",1,1,1,4,21809,1,1,1,NA,0,"08"
"08001",1,1,1,7,21816,1,1,1,NA,0,"08"
"08001",2,1,3,5,21817,1,1,1,NA,0,"08"
"08001",1,1,1,4,21831,1,1,1,NA,0,"08"
"08001",2,1,4,4,21843,1,1,1,NA,0,"08"
"08001",2,1,1,3,21855,1,1,1,NA,0,"08"
"08758",2,1,1,5,21857,1,1,1,NA,0,"08"
"08001",1,1,3,4,21867,1,1,1,NA,0,"08"
"08001",2,1,4,4,21886,1,1,1,NA,0,"08"
"08001",2,1,1,4,21888,1,1,1,NA,0,"08"
"08001",2,1,1,6,21899,1,1,1,NA,0,"08"
"08758",2,1,1,5,21903,1,1,1,NA,0,"08"
"08001",1,1,3,2,21924,1,1,1,NA,0,"08"
"08001",1,1,1,4,21937,1,1,1,NA,0,"08"
"08758",1,1,1,2,21950,1,1,1,NA,0,"08"
"08001",2,1,1,3,21955,1,1,1,NA,0,"08"
"08001",1,1,3,4,21990,1,1,1,NA,0,"08"
"08758",2,1,1,2,21994,1,1,1,NA,0,"08"
"08001",1,1,1,8,22012,1,1,1,NA,0,"08"
"08758",1,1,1,4,22058,1,1,1,NA,0,"08"
"08758",1,1,1,5,22091,1,1,1,NA,0,"08"
"08758",2,1,1,4,22103,1,1,1,NA,0,"08"
"08758",1,1,1,8,22136,1,1,1,NA,0,"08"
"08758",1,1,1,6,22137,1,1,1,NA,0,"08"
"08001",1,1,1,3,22140,1,1,1,NA,0,"08"
"08758",1,1,1,10,22144,1,1,1,NA,0,"08"
"08758",1,1,1,4,22150,1,1,1,NA,0,"08"
"08758",1,1,1,5,22155,1,1,1,NA,0,"08"
"08758",1,1,1,6,22157,1,1,1,NA,0,"08"
"08001",2,1,1,2,22159,1,1,1,NA,0,"08"
"08001",2,1,1,4,22180,1,1,1,NA,0,"08"
"08758",2,1,1,6,22298,1,1,1,NA,0,"08"
"08758",1,1,1,4,22337,1,1,1,NA,0,"08"
"08758",2,1,1,10,22359,1,1,1,NA,0,"08"
"08001",1,1,3,8,22374,1,1,1,NA,0,"08"
"08758",2,1,1,5,22397,1,1,1,NA,0,"08"
"08758",2,1,1,4,22452,1,1,1,NA,0,"08"
"08001",2,1,1,9,22459,1,1,1,NA,0,"08"
"08758",1,1,1,4,22522,1,1,1,NA,0,"08"
"08758",2,1,1,5,22567,1,1,1,NA,0,"08"
"08001",1,1,1,6,22643,1,1,1,NA,0,"08"
"08001",1,1,2,3,22719,1,1,1,NA,0,"08"
"08001",2,1,1,6,22729,1,1,1,NA,0,"08"
"08758",1,1,1,7,22784,1,1,1,NA,0,"08"
"08001",1,1,2,4,22786,1,1,1,NA,0,"08"
"08758",1,1,1,7,22840,1,1,1,NA,0,"08"
"08758",1,1,1,8,22999,1,1,1,NA,0,"08"
"08001",1,1,1,3,23011,1,1,1,NA,0,"08"
"08001",1,1,4,4,23062,1,1,1,NA,0,"08"
"08001",2,1,4,5,23084,1,1,1,NA,0,"08"
"08758",1,1,2,6,23155,1,1,1,NA,0,"08"
"08001",2,1,1,5,23165,1,1,1,NA,0,"08"
"08001",2,1,1,4,23166,1,1,1,NA,0,"08"
"08758",1,1,2,4,23207,1,1,1,NA,0,"08"
"08001",1,1,1,4,23224,1,1,1,NA,0,"08"
"08001",1,1,1,3,23239,1,1,1,NA,0,"08"
"08001",1,1,1,3,23317,1,1,1,NA,0,"08"
"08078",1,1,1,7,23323,1,1,1,NA,0,"08"
"08078",1,1,1,8,23340,1,1,1,NA,0,"08"
"08001",1,1,1,4,23395,1,1,1,NA,0,"08"
"08078",1,1,2,3,23421,1,1,1,NA,0,"08"
"08001",1,1,1,4,23459,1,1,1,NA,0,"08"
"08078",1,1,1,4,23490,1,1,1,NA,0,"08"
"08078",1,1,2,10,23497,1,1,1,NA,0,"08"
"08001",2,1,1,4,23509,1,1,1,NA,0,"08"
"08078",1,1,1,5,23525,1,1,1,NA,0,"08"
"08758",1,1,2,4,23540,1,1,1,NA,0,"08"
"08001",2,1,1,3,23549,1,1,1,NA,0,"08"
"08078",2,1,1,4,23559,1,1,1,NA,0,"08"
"08001",2,1,1,5,23583,1,1,1,NA,0,"08"
"08078",1,1,2,2,23584,1,1,1,NA,0,"08"
"08078",1,1,1,4,23607,1,1,1,NA,0,"08"
"08001",2,1,1,4,23627,1,1,1,NA,0,"08"
"08078",1,1,2,3,23633,1,1,1,NA,0,"08"
"08758",1,1,2,8,23635,1,1,1,NA,0,"08"
"08001",1,1,3,5,23644,1,1,1,NA,0,"08"
"08758",2,1,2,4,23652,1,1,1,NA,0,"08"
"08078",1,1,2,5,23654,1,1,1,NA,0,"08"
"08078",1,1,1,2,23659,1,1,1,NA,0,"08"
"08078",1,1,2,5,23660,1,1,1,NA,0,"08"
"08758",1,1,2,5,23661,1,1,1,NA,0,"08"
"08758",2,1,2,3,23669,1,1,1,NA,0,"08"
"08001",1,1,1,3,23674,1,1,1,NA,0,"08"
"08078",1,1,2,3,23675,1,1,1,NA,0,"08"
"08758",2,1,2,4,23677,1,1,1,NA,0,"08"
"08758",2,1,2,6,23685,1,1,1,NA,0,"08"
"08001",2,1,3,5,23693,1,1,1,NA,0,"08"
"08758",1,1,2,4,23696,1,1,1,NA,0,"08"
"08078",1,1,2,4,23699,1,1,1,NA,0,"08"
"08078",1,1,1,1,23700,1,1,1,NA,0,"08"
"08078",1,1,2,3,23707,1,1,1,NA,0,"08"
"08001",2,1,1,2,23708,1,1,1,NA,0,"08"
"08078",1,1,2,2,23713,1,1,1,NA,0,"08"
"08078",1,1,2,3,23719,1,1,1,NA,0,"08"
"08078",1,1,1,2,23725,1,1,1,NA,0,"08"
"08001",2,1,1,4,23732,1,1,1,NA,0,"08"
"08001",2,1,3,8,23746,1,1,1,NA,0,"08"
"08078",2,1,1,6,23759,1,1,1,NA,0,"08"
"08638",1,1,1,4,24343,1,1,1,NA,0,"08"
"08638",1,1,1,4,24357,1,1,1,NA,0,"08"
"08758",1,1,2,3,24362,1,1,1,NA,0,"08"
"08638",1,1,1,5,24365,1,1,1,NA,0,"08"
"08638",1,1,1,4,24379,1,1,1,NA,0,"08"
"08638",2,1,1,4,24391,1,1,1,NA,0,"08"
"08638",1,1,1,2,24406,1,1,1,NA,0,"08"
"08638",1,1,1,6,24413,1,1,1,NA,0,"08"
"08638",1,1,1,4,24426,1,1,1,NA,0,"08"
"08638",1,1,1,4,24434,1,1,1,NA,0,"08"
"08638",1,1,1,6,24443,1,1,1,NA,0,"08"
"08001",1,1,1,5,24449,1,1,1,NA,0,"08"
"08638",1,1,1,4,24452,1,1,1,NA,0,"08"
"08758",1,1,2,3,24458,1,1,1,NA,0,"08"
"08638",1,1,1,6,24464,1,1,1,NA,0,"08"
"08638",2,1,1,2,24472,1,1,1,NA,0,"08"
"08638",1,1,1,5,24480,1,1,1,NA,0,"08"
"08638",1,1,1,3,24493,1,1,1,NA,0,"08"
"08638",2,1,1,5,24502,1,1,1,NA,0,"08"
"08758",1,1,2,6,24541,1,1,1,NA,0,"08"
"08758",1,1,2,4,24601,1,1,1,NA,0,"08"
"08001",1,1,1,3,24607,1,1,1,NA,0,"08"
"08758",1,1,2,4,24610,1,1,1,NA,0,"08"
"08001",1,1,1,4,24618,1,1,1,NA,0,"08"
"08078",1,1,2,3,24779,1,1,1,NA,0,"08"
"08078",1,1,2,5,24818,1,1,1,NA,0,"08"
"08078",1,1,2,5,24844,1,1,1,NA,0,"08"
"08001",2,1,1,4,24847,1,1,1,NA,0,"08"
"08001",1,1,1,3,24849,1,1,1,NA,0,"08"
"08078",1,1,1,3,24854,1,1,1,NA,0,"08"
"08001",1,1,1,5,24868,1,1,1,NA,0,"08"
"08001",1,1,1,5,24871,1,1,1,NA,0,"08"
"08078",2,1,1,3,24877,1,1,1,NA,0,"08"
"08078",1,1,2,6,24889,1,1,1,NA,0,"08"
"08001",2,1,1,3,24900,1,1,1,NA,0,"08"
"08078",2,1,1,1,24916,1,1,1,NA,0,"08"
"08078",2,1,1,3,24942,1,1,1,NA,0,"08"
"08001",1,1,1,4,24952,1,1,1,NA,0,"08"
"08001",2,1,1,4,24970,1,1,1,NA,0,"08"
"08078",1,1,1,5,24997,1,1,1,NA,0,"08"
"08001",1,1,1,2,25024,1,1,1,NA,0,"08"
"08001",1,1,3,2,25055,1,1,1,NA,0,"08"
"08078",1,1,1,5,25079,1,1,1,NA,0,"08"
"08078",1,1,2,5,25082,1,1,1,NA,0,"08"
"08001",2,1,1,5,25094,1,1,1,NA,0,"08"
"08001",1,1,3,3,25100,1,1,1,NA,0,"08"
"08078",1,1,1,4,25125,1,1,1,NA,0,"08"
"08078",1,1,2,5,25127,1,1,1,NA,0,"08"
"08001",2,1,1,2,25132,1,1,1,NA,0,"08"
"08001",1,1,3,4,25155,1,1,1,NA,0,"08"
"08078",1,1,2,4,25157,1,1,1,NA,0,"08"
"08001",1,1,1,2,25160,1,1,1,NA,0,"08"
"08078",1,1,1,7,25176,1,1,1,NA,0,"08"
"08001",2,1,1,2,25183,1,1,1,NA,0,"08"
"08078",1,1,2,5,25202,1,1,1,NA,0,"08"
"08001",1,1,3,5,25206,1,1,1,NA,0,"08"
"08001",2,1,1,3,25217,1,1,1,NA,0,"08"
"08078",1,1,1,4,25232,1,1,1,NA,0,"08"
"08001",1,1,1,6,25247,1,1,1,NA,0,"08"
"08001",1,1,3,3,25250,1,1,1,NA,0,"08"
"08001",2,1,1,4,25255,1,1,1,NA,0,"08"
"08078",1,1,1,4,25263,1,1,1,NA,0,"08"
"08001",2,1,1,5,25274,1,1,1,NA,0,"08"
"08001",2,1,1,3,25276,1,1,1,NA,0,"08"
"08001",3,1,1,2,25292,1,1,1,NA,0,"08"
"08001",2,1,1,1,25303,1,1,1,NA,0,"08"
"08001",2,1,1,4,25324,1,1,1,NA,0,"08"
"08001",2,1,2,4,25393,1,1,1,NA,0,"08"
"08001",2,1,2,1,25396,1,1,1,NA,0,"08"
"08001",1,1,2,3,25401,1,1,1,NA,0,"08"
"08001",1,1,2,3,25407,1,1,1,NA,0,"08"
"08001",2,1,2,4,25412,1,1,1,NA,0,"08"
"08001",1,1,2,5,25414,1,1,1,NA,0,"08"
"08001",2,1,2,6,25417,1,1,1,NA,0,"08"
"08001",1,1,2,4,25420,1,1,1,NA,0,"08"
"08001",1,1,2,6,25422,1,1,1,NA,0,"08"
"08001",1,1,1,6,25541,1,1,1,NA,0,"08"
"08001",1,1,1,5,25629,1,1,1,NA,0,"08"
"08001",1,1,1,5,25652,1,1,1,NA,0,"08"
"08001",1,1,1,4,25673,1,1,1,NA,0,"08"
"08001",2,1,1,5,25722,1,1,1,NA,0,"08"
"08001",2,1,1,5,25744,1,1,1,NA,0,"08"
"08001",1,1,1,6,25770,1,1,1,NA,0,"08"
"08001",1,1,1,5,25787,1,1,1,NA,0,"08"
"08001",1,1,1,4,25805,1,1,1,NA,0,"08"
"08001",1,1,1,7,25904,1,1,1,NA,0,"08"
"08001",2,1,1,5,25916,1,1,1,NA,0,"08"
"08001",2,1,1,5,25926,1,1,1,NA,0,"08"
"08001",1,1,1,6,25938,1,1,1,NA,0,"08"
"08001",1,1,1,6,25961,1,1,1,NA,0,"08"
"08001",1,1,2,8,26022,1,1,1,NA,0,"08"
"08001",2,1,2,7,26030,1,1,1,NA,0,"08"
"08001",1,1,2,4,26033,1,1,1,NA,0,"08"
"08001",1,1,1,6,26061,1,1,1,NA,0,"08"
"08001",2,1,1,4,26062,1,1,1,NA,0,"08"
"08001",2,1,1,2,26063,1,1,1,NA,0,"08"
"08001",1,1,1,3,26064,1,1,1,NA,0,"08"
"08001",1,1,1,2,26065,1,1,1,NA,0,"08"
"08001",2,1,2,2,26097,1,1,1,NA,0,"08"
"08001",1,1,2,7,26102,1,1,1,NA,0,"08"
"08001",1,1,1,3,26252,1,1,1,NA,0,"08"
"08001",2,1,1,5,26425,1,1,1,NA,0,"08"
"08001",2,1,1,6,26519,1,1,1,NA,0,"08"
"08001",1,1,1,5,26564,1,1,1,NA,0,"08"
"08001",2,1,1,2,26663,1,1,1,NA,0,"08"
"08001",2,1,1,4,26686,1,1,1,NA,0,"08"
"08001",1,1,2,6,26739,1,1,1,NA,0,"08"
"08001",1,1,1,4,26747,1,1,1,NA,0,"08"
"08001",1,1,3,2,26761,1,1,1,NA,0,"08"
"08001",1,1,2,5,26765,1,1,1,NA,0,"08"
"08001",2,1,1,5,26770,1,1,1,NA,0,"08"
"08001",2,1,1,10,26778,1,1,1,NA,0,"08"
"08001",2,1,1,2,26788,1,1,1,NA,0,"08"
"08001",2,1,2,4,26794,1,1,1,NA,0,"08"
"08001",1,1,3,4,26800,1,1,1,NA,0,"08"
"08001",1,1,2,4,26827,1,1,1,NA,0,"08"
"08001",2,1,1,9,26832,1,1,1,NA,0,"08"
"08001",1,1,1,6,26847,1,1,1,NA,0,"08"
"08001",1,1,3,1,26851,1,1,1,NA,0,"08"
"08001",1,1,2,6,26873,1,1,1,NA,0,"08"
"08001",2,1,3,4,26881,1,1,1,NA,0,"08"
"08001",2,1,1,4,26887,1,1,1,NA,0,"08"
"08001",2,1,1,6,26913,1,1,1,NA,0,"08"
"08001",2,1,2,5,26936,1,1,1,NA,0,"08"
"08001",1,1,1,3,26938,1,1,1,NA,0,"08"
"08001",2,1,1,5,26977,1,1,1,NA,0,"08"
"08001",2,1,2,4,26978,1,1,1,NA,0,"08"
"08001",2,1,2,2,27003,1,1,1,NA,0,"08"
"08638",1,1,2,5,27011,1,1,1,NA,0,"08"
"08001",2,1,1,4,27027,1,1,1,NA,0,"08"
"08638",1,1,2,4,27044,1,1,1,NA,0,"08"
"08001",2,1,1,4,27068,1,1,1,NA,0,"08"
"08638",1,1,2,4,27099,1,1,1,NA,0,"08"
"08638",1,1,2,2,27168,1,1,1,NA,0,"08"
"08638",1,1,3,6,27195,1,1,1,NA,0,"08"
"08001",2,1,1,3,27212,1,1,1,NA,0,"08"
"08638",2,1,3,2,27215,1,1,1,NA,0,"08"
"08638",1,1,3,3,27228,1,1,1,NA,0,"08"
"08638",2,1,3,4,27243,1,1,1,NA,0,"08"
"08638",1,1,3,1,27252,1,1,1,NA,0,"08"
"08638",2,1,3,4,27271,1,1,1,NA,0,"08"
"08638",2,1,3,4,27282,1,1,1,NA,0,"08"
"08638",1,1,3,4,27293,1,1,1,NA,0,"08"
"08638",1,1,1,7,27459,1,1,1,NA,0,"08"
"08638",1,1,1,5,27492,1,1,1,NA,0,"08"
"08638",1,1,1,4,27511,1,1,1,NA,0,"08"
"08638",1,1,1,5,27533,1,1,1,NA,0,"08"
"08638",1,1,1,7,27550,1,1,1,NA,0,"08"
"08638",1,1,1,7,27570,1,1,1,NA,0,"08"
"08638",1,1,1,4,27589,1,1,1,NA,0,"08"
"08638",1,1,1,4,27607,1,1,1,NA,0,"08"
"08638",1,1,2,4,27841,1,1,1,NA,0,"08"
"08638",1,1,2,4,27845,1,1,1,NA,0,"08"
"08638",1,1,2,4,27854,1,1,1,NA,0,"08"
"08638",1,1,2,4,27858,1,1,1,NA,0,"08"
"08638",1,1,2,2,27864,1,1,1,NA,0,"08"
"08638",1,1,2,5,27870,1,1,1,NA,0,"08"
"08638",1,1,2,2,27877,1,1,1,NA,0,"08"
"08001",2,1,1,3,28412,1,1,1,NA,0,"08"
"08001",2,1,1,4,28430,1,1,1,NA,0,"08"
"08001",2,1,1,5,28481,1,1,1,NA,0,"08"
"08001",2,1,1,3,28487,1,1,1,NA,0,"08"
"08001",2,1,1,2,28502,1,1,1,NA,0,"08"
"08001",2,1,1,11,28507,1,1,1,NA,0,"08"
"08001",2,1,1,4,28520,1,1,1,NA,0,"08"
"08001",1,1,1,3,28556,1,1,1,NA,0,"08"
"08001",1,1,1,4,28597,1,1,1,NA,0,"08"
"08001",2,1,1,6,28613,1,1,1,NA,0,"08"
"08001",2,1,1,2,28624,1,1,1,NA,0,"08"
"08001",2,1,1,3,28653,1,1,1,NA,0,"08"
"08001",2,1,1,4,28663,1,1,1,NA,0,"08"
"08001",2,1,1,3,28730,1,1,1,NA,0,"08"
"08001",1,1,1,9,28731,1,1,1,NA,0,"08"
"08001",2,1,2,4,28758,1,1,1,NA,0,"08"
"08001",2,1,2,4,28796,1,1,1,NA,0,"08"
"08001",2,1,2,4,28843,1,1,1,NA,0,"08"
"08001",2,1,1,3,28944,1,1,1,NA,0,"08"
"08001",2,1,2,5,28952,1,1,1,NA,0,"08"
"08001",1,1,1,4,28974,1,1,1,NA,0,"08"
"08001",2,1,3,3,28977,1,1,1,NA,0,"08"
"08001",2,1,2,4,28988,1,1,1,NA,0,"08"
"08001",2,1,2,2,29012,1,1,1,NA,0,"08"
"08001",3,1,1,5,29027,1,1,1,NA,0,"08"
"08001",1,1,3,3,29039,1,1,1,NA,0,"08"
"08001",2,1,2,2,29044,1,1,1,NA,0,"08"
"08001",2,1,2,2,29078,1,1,1,NA,0,"08"
"08001",2,1,1,2,29079,1,1,1,NA,0,"08"
"08001",2,1,2,5,29100,1,1,1,NA,0,"08"
"08001",1,1,1,6,29102,1,1,1,NA,0,"08"
"08001",2,1,3,3,29143,1,1,1,NA,0,"08"
"08001",2,1,2,4,29187,1,1,1,NA,0,"08"
"08001",1,1,1,11,29231,1,1,1,NA,0,"08"
"08001",2,1,3,3,29235,1,1,1,NA,0,"08"
"08001",2,1,2,2,29251,1,1,1,NA,0,"08"
"08638",1,1,1,6,29256,1,1,1,NA,0,"08"
"08638",2,1,1,3,29270,1,1,1,NA,0,"08"
"08001",2,1,3,4,29275,1,1,1,NA,0,"08"
"08638",2,1,1,7,29288,1,1,1,NA,0,"08"
"08638",1,1,1,3,29298,1,1,1,NA,0,"08"
"08638",1,1,1,7,29314,1,1,1,NA,0,"08"
"08001",2,1,3,5,29315,1,1,1,NA,0,"08"
"08638",1,1,1,5,29321,1,1,1,NA,0,"08"
"08638",1,1,1,4,29343,1,1,1,NA,0,"08"
"08638",1,1,1,5,29351,1,1,1,NA,0,"08"
"08638",1,1,2,3,29927,1,1,1,NA,0,"08"
"08638",1,1,2,3,29955,1,1,1,NA,0,"08"
"08638",1,1,2,3,29978,1,1,1,NA,0,"08"
"08638",1,1,2,4,30028,1,1,1,NA,0,"08"
"08638",1,1,2,5,30068,1,1,1,NA,0,"08"
"08638",1,1,2,4,30115,1,1,1,NA,0,"08"
"08638",1,1,2,5,30169,1,1,1,NA,0,"08"
"08001",3,1,1,4,30185,1,1,1,NA,0,"08"
"08001",3,1,1,7,30240,1,1,1,NA,0,"08"
"08638",1,1,2,3,30247,1,1,1,NA,0,"08"
"08001",1,1,1,6,30345,1,1,1,NA,0,"08"
"08638",1,1,2,4,30348,1,1,1,NA,0,"08"
"08638",1,1,2,5,30373,1,1,1,NA,0,"08"
"08001",2,1,1,6,30386,1,1,1,NA,0,"08"
"08638",1,1,2,8,30396,1,1,1,NA,0,"08"
"08001",2,1,1,6,30420,1,1,1,NA,0,"08"
"08001",2,1,2,5,30457,1,1,1,NA,0,"08"
"08638",1,1,2,8,30486,1,1,1,NA,0,"08"
"08001",2,1,1,4,30487,1,1,1,NA,0,"08"
"08001",2,1,2,2,30489,1,1,1,NA,0,"08"
"08001",2,1,1,4,30515,1,1,1,NA,0,"08"
"08001",2,1,2,5,30518,1,1,1,NA,0,"08"
"08001",1,1,1,4,30536,1,1,1,NA,0,"08"
"08638",1,1,2,4,30540,1,1,1,NA,0,"08"
"08001",2,1,2,4,30556,1,1,1,NA,0,"08"
"08001",1,1,1,6,30570,1,1,1,NA,0,"08"
"08001",1,1,2,4,30613,1,1,1,NA,0,"08"
"08001",3,1,1,4,30641,1,1,1,NA,0,"08"
"08001",1,1,3,4,30673,1,1,1,NA,0,"08"
"08001",1,1,2,5,30690,1,1,1,NA,0,"08"
"08001",3,1,1,2,30730,1,1,1,NA,0,"08"
"08001",1,1,3,5,30753,1,1,1,NA,0,"08"
"08001",1,1,2,4,30782,1,1,1,NA,0,"08"
"08001",1,1,2,5,30817,1,1,1,NA,0,"08"
"08001",2,1,2,5,30864,1,1,1,NA,0,"08"
"08001",1,1,3,4,30868,1,1,1,NA,0,"08"
"08001",1,1,2,4,30874,1,1,1,NA,0,"08"
"08001",2,1,2,3,30908,1,1,1,NA,0,"08"
"08001",2,1,3,4,30917,1,1,1,NA,0,"08"
"08001",2,1,2,3,30935,1,1,1,NA,0,"08"
"08001",1,1,3,4,30948,1,1,1,NA,0,"08"
"08001",2,1,2,4,30964,1,1,1,NA,0,"08"
"08001",2,1,2,1,30967,1,1,1,NA,0,"08"
"08001",2,1,3,6,30968,1,1,1,NA,0,"08"
"08001",2,1,3,4,31257,1,1,1,NA,0,"08"
"08001",2,1,4,1,31315,1,1,1,NA,0,"08"
"08001",2,1,3,3,31334,1,1,1,NA,0,"08"
"08001",2,1,4,3,31340,1,1,1,NA,0,"08"
"08001",1,1,3,6,31450,1,1,1,NA,0,"08"
"08001",1,1,4,3,31496,1,1,1,NA,0,"08"
"08001",2,1,3,6,31527,1,1,1,NA,0,"08"
"08001",1,1,4,4,31532,1,1,1,NA,0,"08"
"08001",2,1,4,4,31550,1,1,1,NA,0,"08"
"08001",1,1,4,5,31561,1,1,1,NA,0,"08"
"08001",1,1,4,3,31570,1,1,1,NA,0,"08"
"08001",2,1,3,1,31696,1,1,1,NA,0,"08"
"08758",1,1,2,5,31934,1,1,1,NA,0,"08"
"08758",1,1,1,5,31950,1,1,1,NA,0,"08"
"08758",2,1,1,5,32019,1,1,1,NA,0,"08"
"08758",1,1,1,3,32076,1,1,1,NA,0,"08"
"08758",2,1,1,5,32083,1,1,1,NA,0,"08"
"08758",1,1,2,3,32085,1,1,1,NA,0,"08"
"08001",1,1,5,3,32115,1,1,1,NA,0,"08"
"08758",1,1,1,6,32119,1,1,1,NA,0,"08"
"08758",2,1,1,4,32121,1,1,1,NA,0,"08"
"08001",1,1,5,4,32137,1,1,1,NA,0,"08"
"08758",2,1,2,2,32148,1,1,1,NA,0,"08"
"08758",2,1,1,3,32156,1,1,1,NA,0,"08"
"08758",2,1,1,4,32190,1,1,1,NA,0,"08"
"08758",2,1,1,4,32211,1,1,1,NA,0,"08"
"08758",1,1,1,4,32224,1,1,1,NA,0,"08"
"08758",1,1,2,3,32237,1,1,1,NA,0,"08"
"08758",2,1,1,4,32255,1,1,1,NA,0,"08"
"08758",1,1,1,2,32258,1,1,1,NA,0,"08"
"08001",2,1,5,5,32283,1,1,1,NA,0,"08"
"08758",1,1,1,4,32306,1,1,1,NA,0,"08"
"08001",2,1,5,3,32313,1,1,1,NA,0,"08"
"08758",1,1,2,3,32316,1,1,1,NA,0,"08"
"08758",1,1,1,6,32317,1,1,1,NA,0,"08"
"08001",1,1,5,2,32323,1,1,1,NA,0,"08"
"08001",2,1,5,3,32369,1,1,1,NA,0,"08"
"08758",1,1,2,4,32379,1,1,1,NA,0,"08"
"08001",2,1,5,5,32382,1,1,1,NA,0,"08"
"08001",1,1,5,2,32383,1,1,1,NA,0,"08"
"08758",1,1,1,3,32388,1,1,1,NA,0,"08"
"08001",2,1,5,1,32416,1,1,1,NA,0,"08"
"08001",1,1,5,5,32425,1,1,1,NA,0,"08"
"08758",1,1,2,8,32434,1,1,1,NA,0,"08"
"08758",2,1,1,8,32453,1,1,1,NA,0,"08"
"08758",1,1,2,3,32521,1,1,1,NA,0,"08"
"08758",1,1,1,6,32538,1,1,1,NA,0,"08"
"08758",2,1,2,3,32554,1,1,1,NA,0,"08"
"08758",1,1,1,6,32559,1,1,1,NA,0,"08"
"08758",1,1,2,2,32595,1,1,1,NA,0,"08"
"08758",1,1,2,3,32614,1,1,1,NA,0,"08"
"08758",2,1,1,6,32630,1,1,1,NA,0,"08"
"08433",2,1,1,5,32989,1,1,1,NA,0,"08"
"08758",1,1,1,4,33055,1,1,1,NA,0,"08"
"08758",2,1,2,4,33063,1,1,1,NA,0,"08"
"08758",2,1,2,3,33071,1,1,1,NA,0,"08"
"08758",2,1,1,5,33094,1,1,1,NA,0,"08"
"08001",2,1,1,3,33126,1,1,1,NA,0,"08"
"08758",1,1,1,8,33131,1,1,1,NA,0,"08"
"08758",1,1,2,4,33150,1,1,1,NA,0,"08"
"08758",1,1,1,6,33176,1,1,1,NA,0,"08"
"08758",2,1,1,4,33238,1,1,1,NA,0,"08"
"08758",1,1,1,5,33277,1,1,1,NA,0,"08"
"08758",1,1,2,5,33278,1,1,1,NA,0,"08"
"08758",1,1,1,4,33312,1,1,1,NA,0,"08"
"08758",2,1,1,3,33371,1,1,1,NA,0,"08"
"08001",2,1,3,3,33411,1,1,1,NA,0,"08"
"08758",1,1,1,5,33444,1,1,1,NA,0,"08"
"08001",2,1,2,5,33489,1,1,1,NA,0,"08"
"08758",1,1,2,3,33548,1,1,1,NA,0,"08"
"08001",2,1,2,6,33573,1,1,1,NA,0,"08"
"08758",1,1,2,4,33591,1,1,1,NA,0,"08"
"08001",1,1,2,4,33605,1,1,1,NA,0,"08"
"08758",1,1,2,4,33624,1,1,1,NA,0,"08"
"08001",2,1,2,1,33636,1,1,1,NA,0,"08"
"08001",2,1,3,6,33637,1,1,1,NA,0,"08"
"08758",2,1,2,4,33644,1,1,1,NA,0,"08"
"08758",1,1,2,2,33680,1,1,1,NA,0,"08"
"08001",2,1,1,4,33734,1,1,1,NA,0,"08"
"08001",1,1,4,5,33741,1,1,1,NA,0,"08"
"08001",1,1,4,3,33769,1,1,1,NA,0,"08"
"08758",1,1,2,12,33773,1,1,1,NA,0,"08"
"08001",1,1,4,8,33782,1,1,1,NA,0,"08"
"08001",2,1,4,4,33827,1,1,1,NA,0,"08"
"08001",2,1,1,6,33830,1,1,1,NA,0,"08"
"08001",1,1,2,5,33848,1,1,1,NA,0,"08"
"08001",2,1,4,3,33857,1,1,1,NA,0,"08"
"08001",1,1,1,4,33878,1,1,1,NA,0,"08"
"08001",1,1,2,3,33887,1,1,1,NA,0,"08"
"08001",1,1,1,2,33907,1,1,1,NA,0,"08"
"08001",2,1,1,4,33959,1,1,1,NA,0,"08"
"08001",2,1,5,2,33963,1,1,1,NA,0,"08"
"08001",2,1,5,3,34001,1,1,1,NA,0,"08"
"08001",2,1,1,2,34015,1,1,1,NA,0,"08"
"08001",2,1,5,3,34042,1,1,1,NA,0,"08"
"08001",2,1,2,5,34067,1,1,1,NA,0,"08"
"08001",2,1,1,2,34075,1,1,1,NA,0,"08"
"08001",2,1,5,4,34095,1,1,1,NA,0,"08"
"08001",1,1,1,4,34104,1,1,1,NA,0,"08"
"08001",2,1,2,5,34113,1,1,1,NA,0,"08"
"08001",2,1,5,4,34126,1,1,1,NA,0,"08"
"08001",2,1,5,4,34145,1,1,1,NA,0,"08"
"08001",2,1,2,3,34146,1,1,1,NA,0,"08"
"08001",2,1,5,4,34172,1,1,1,NA,0,"08"
"08001",2,1,2,4,34188,1,1,1,NA,0,"08"
"08001",2,1,5,4,34218,1,1,1,NA,0,"08"
"08001",2,1,5,5,34231,1,1,1,NA,0,"08"
"08001",2,1,5,6,34248,1,1,1,NA,0,"08"
"08001",1,1,1,6,34344,1,1,1,NA,0,"08"
"08001",2,1,1,6,34351,1,1,1,NA,0,"08"
"08001",2,1,1,2,34379,1,1,1,NA,0,"08"
"08001",2,1,1,4,34440,1,1,1,NA,0,"08"
"08001",2,1,1,3,34454,1,1,1,NA,0,"08"
"08758",1,1,1,12,34505,1,1,1,NA,0,"08"
"08001",2,1,1,3,34513,1,1,1,NA,0,"08"
"08001",2,1,1,6,34519,1,1,1,NA,0,"08"
"08001",2,1,1,3,34574,1,1,1,NA,0,"08"
"08001",2,1,1,3,34578,1,1,1,NA,0,"08"
"08001",2,1,1,6,34629,1,1,1,NA,0,"08"
"08001",2,1,1,2,34631,1,1,1,NA,0,"08"
"08001",2,1,3,4,34638,1,1,1,NA,0,"08"
"08001",1,1,1,6,34649,1,1,1,NA,0,"08"
"08001",1,1,1,4,34698,1,1,1,NA,0,"08"
"08001",2,1,1,4,34712,1,1,1,NA,0,"08"
"08001",2,1,1,5,34717,1,1,1,NA,0,"08"
"08758",2,1,2,4,34747,1,1,1,NA,0,"08"
"08001",2,1,1,1,34767,1,1,1,NA,0,"08"
"08001",2,1,1,2,34783,1,1,1,NA,0,"08"
"08001",2,1,1,2,34816,1,1,1,NA,0,"08"
"08001",1,1,1,3,34848,1,1,1,NA,0,"08"
"08001",1,1,1,4,34880,1,1,1,NA,0,"08"
"08001",2,1,6,7,34894,1,1,1,NA,0,"08"
"08001",2,1,1,4,34915,1,1,1,NA,0,"08"
"08001",2,1,6,5,34919,1,1,1,NA,0,"08"
"08001",2,1,6,3,34933,1,1,1,NA,0,"08"
"08001",2,1,6,1,34946,1,1,1,NA,0,"08"
"08001",1,1,1,7,34948,1,1,1,NA,0,"08"
"08001",2,1,5,2,34981,1,1,1,NA,0,"08"
"08001",2,1,1,3,34999,1,1,1,NA,0,"08"
"08001",2,1,5,3,35012,1,1,1,NA,0,"08"
"08758",2,1,2,5,35033,1,1,1,NA,0,"08"
"08001",1,1,1,4,35038,1,1,1,NA,0,"08"
"08001",2,1,5,2,35063,1,1,1,NA,0,"08"
"08001",1,1,1,10,35074,1,1,1,NA,0,"08"
"08001",2,1,1,1,35085,1,1,1,NA,0,"08"
"08001",2,1,5,3,35096,1,1,1,NA,0,"08"
"08758",2,1,2,3,35117,1,1,1,NA,0,"08"
"08001",2,1,1,4,35129,1,1,1,NA,0,"08"
"08001",2,1,5,3,35157,1,1,1,NA,0,"08"
"08758",1,1,2,4,35179,1,1,1,NA,0,"08"
"08001",2,1,5,3,35191,1,1,1,NA,0,"08"
"08001",2,1,1,9,35202,1,1,1,NA,0,"08"
"08758",1,1,2,5,35211,1,1,1,NA,0,"08"
"08001",2,1,1,2,35227,1,1,1,NA,0,"08"
"08001",1,1,1,11,35234,1,1,1,NA,0,"08"
"08001",2,1,3,4,35237,1,1,1,NA,0,"08"
"08001",2,1,3,3,35240,1,1,1,NA,0,"08"
"08001",2,1,1,4,35246,1,1,1,NA,0,"08"
"08758",1,1,2,5,35249,1,1,1,NA,0,"08"
"08001",2,1,1,4,35254,1,1,1,NA,0,"08"
"08001",2,1,3,1,35262,1,1,1,NA,0,"08"
"08001",2,1,3,5,35268,1,1,1,NA,0,"08"
"08758",2,1,2,3,35276,1,1,1,NA,0,"08"
"08001",2,1,3,3,35281,1,1,1,NA,0,"08"
"08001",2,1,3,5,35289,1,1,1,NA,0,"08"
"08758",2,1,2,4,35302,1,1,1,NA,0,"08"
"08001",2,1,1,6,35313,1,1,1,NA,0,"08"
"08758",2,1,2,4,35323,1,1,1,NA,0,"08"
"08001",2,1,1,5,35342,1,1,1,NA,0,"08"
"08001",2,1,3,3,35360,1,1,1,NA,0,"08"
"08001",2,1,6,3,35929,1,1,1,NA,0,"08"
"08001",2,1,4,4,36313,1,1,1,NA,0,"08"
"08001",1,1,4,5,36330,1,1,1,NA,0,"08"
"08001",2,1,4,3,36356,1,1,1,NA,0,"08"
"08001",2,1,2,4,36359,1,1,1,NA,0,"08"
"08001",1,1,2,8,36376,1,1,1,NA,0,"08"
"08001",2,1,4,2,36392,1,1,1,NA,0,"08"
"08758",1,1,2,5,36393,1,1,1,NA,0,"08"
"08001",2,1,4,2,36410,1,1,1,NA,0,"08"
"08001",2,1,2,4,36422,1,1,1,NA,0,"08"
"08001",2,1,4,2,36441,1,1,1,NA,0,"08"
"08758",1,1,2,3,36461,1,1,1,NA,0,"08"
"08001",2,1,2,3,36463,1,1,1,NA,0,"08"
"08001",2,1,3,7,36470,1,1,1,NA,0,"08"
"08001",2,1,4,2,36496,1,1,1,NA,0,"08"
"08001",1,1,2,7,36505,1,1,1,NA,0,"08"
"08001",1,1,3,5,36529,1,1,1,NA,0,"08"
"08001",2,1,3,3,36546,1,1,1,NA,0,"08"
"08758",2,1,2,5,36559,1,1,1,NA,0,"08"
"08001",2,1,3,4,36561,1,1,1,NA,0,"08"
"08758",2,1,2,4,36568,1,1,1,NA,0,"08"
"08001",2,1,3,4,36582,1,1,1,NA,0,"08"
"08001",1,1,3,7,36602,1,1,1,NA,0,"08"
"08758",2,1,2,5,36609,1,1,1,NA,0,"08"
"08001",2,1,1,7,36615,1,1,1,NA,0,"08"
"08001",2,1,3,2,36647,1,1,1,NA,0,"08"
"08758",1,1,2,3,36659,1,1,1,NA,0,"08"
"08001",2,1,2,5,36672,1,1,1,NA,0,"08"
"08001",2,1,3,3,36674,1,1,1,NA,0,"08"
"08001",2,1,3,2,36692,1,1,1,NA,0,"08"
"08758",1,1,2,5,36695,1,1,1,NA,0,"08"
"08758",1,1,2,8,36702,1,1,1,NA,0,"08"
"08758",2,1,2,4,36721,1,1,1,NA,0,"08"
"08001",2,1,3,2,36722,1,1,1,NA,0,"08"
"08758",2,1,2,3,36746,1,1,1,NA,0,"08"
"08758",2,1,2,2,36748,1,1,1,NA,0,"08"
"08001",1,1,3,5,36754,1,1,1,NA,0,"08"
"08001",2,1,1,12,36991,1,1,1,NA,0,"08"
"08758",1,1,1,4,37008,1,1,1,NA,0,"08"
"08758",1,1,2,4,37032,1,1,1,NA,0,"08"
"08758",1,1,1,6,37057,1,1,1,NA,0,"08"
"08758",2,1,2,3,37063,1,1,1,NA,0,"08"
"08758",1,1,2,4,37118,1,1,1,NA,0,"08"
"08758",1,1,1,5,37161,1,1,1,NA,0,"08"
"08758",1,1,2,5,37184,1,1,1,NA,0,"08"
"08758",1,1,2,3,37222,1,1,1,NA,0,"08"
"08001",1,1,1,8,37223,1,1,1,NA,0,"08"
"08758",1,1,1,7,37239,1,1,1,NA,0,"08"
"08758",1,1,2,5,37270,1,1,1,NA,0,"08"
"08758",2,1,1,7,37322,1,1,1,NA,0,"08"
"08758",1,1,2,6,37324,1,1,1,NA,0,"08"
"08758",2,1,1,5,37382,1,1,1,NA,0,"08"
"08001",2,1,1,3,37424,1,1,1,NA,0,"08"
"08758",1,1,2,7,37454,1,1,1,NA,0,"08"
"08001",2,1,1,2,37478,1,1,1,NA,0,"08"
"08758",1,1,2,5,37531,1,1,1,NA,0,"08"
"08001",1,1,3,5,37751,1,1,1,NA,0,"08"
"08758",1,1,2,5,37762,1,1,1,NA,0,"08"
"08001",1,1,3,4,37785,1,1,1,NA,0,"08"
"08758",2,1,1,2,37793,1,1,1,NA,0,"08"
"08001",1,1,4,3,37833,1,1,1,NA,0,"08"
"08001",2,1,3,4,37862,1,1,1,NA,0,"08"
"08001",1,1,4,4,37865,1,1,1,NA,0,"08"
"08001",2,1,3,4,37905,1,1,1,NA,0,"08"
"08758",1,1,2,5,37920,1,1,1,NA,0,"08"
"08001",1,1,2,5,37931,1,1,1,NA,0,"08"
"08758",2,1,1,6,37941,1,1,1,NA,0,"08"
"08001",1,1,3,2,37945,1,1,1,NA,0,"08"
"08001",1,1,3,5,37972,1,1,1,NA,0,"08"
"08758",1,1,1,3,37980,1,1,1,NA,0,"08"
"08001",1,1,2,3,37994,1,1,1,NA,0,"08"
"08758",1,1,2,6,37996,1,1,1,NA,0,"08"
"08001",2,1,3,2,38020,1,1,1,NA,0,"08"
"08758",1,1,1,6,38040,1,1,1,NA,0,"08"
"08001",2,1,2,4,38048,1,1,1,NA,0,"08"
"08001",2,1,1,3,38068,1,1,1,NA,0,"08"
"08758",1,1,2,7,38071,1,1,1,NA,0,"08"
"08758",1,1,1,12,38130,1,1,1,NA,0,"08"
"08758",1,1,2,3,38184,1,1,1,NA,0,"08"
"08001",2,1,4,3,38266,1,1,1,NA,0,"08"
"08758",1,1,2,5,38287,1,1,1,NA,0,"08"
"08758",1,1,2,4,38360,1,1,1,NA,0,"08"
"08758",1,1,2,3,38452,1,1,1,NA,0,"08"
"08001",1,1,1,5,38453,1,1,1,NA,0,"08"
"08758",1,1,2,3,38494,1,1,1,NA,0,"08"
"08001",2,1,1,4,38497,1,1,1,NA,0,"08"
"08001",2,1,1,4,38810,1,1,1,NA,0,"08"
"08758",2,1,2,4,38816,1,1,1,NA,0,"08"
"08001",1,1,1,4,38831,1,1,1,NA,0,"08"
"08758",2,1,2,4,38838,1,1,1,NA,0,"08"
"08001",1,1,1,4,38853,1,1,1,NA,0,"08"
"08001",2,1,1,3,38888,1,1,1,NA,0,"08"
"08758",1,1,2,3,38900,1,1,1,NA,0,"08"
"08001",2,1,1,2,38928,1,1,1,NA,0,"08"
"08001",2,1,1,2,38970,1,1,1,NA,0,"08"
"08758",2,1,2,4,38973,1,1,1,NA,0,"08"
"08001",2,1,1,4,39040,1,1,1,NA,0,"08"
"08758",1,1,2,6,39048,1,1,1,NA,0,"08"
"08001",1,1,6,2,39054,1,1,1,NA,0,"08"
"08001",1,1,1,6,39070,1,1,1,NA,0,"08"
"08001",2,1,5,1,39071,1,1,1,NA,0,"08"
"08001",1,1,6,3,39090,1,1,1,NA,0,"08"
"08001",2,1,5,3,39100,1,1,1,NA,0,"08"
"08758",2,1,2,5,39101,1,1,1,NA,0,"08"
"08001",2,1,1,3,39103,1,1,1,NA,0,"08"
"08001",1,1,1,4,39105,1,1,1,NA,0,"08"
"08001",2,1,1,4,39118,1,1,1,NA,0,"08"
"08001",1,1,1,3,39129,1,1,1,NA,0,"08"
"08001",2,1,5,3,39131,1,1,1,NA,0,"08"
"08001",1,1,6,4,39135,1,1,1,NA,0,"08"
"08001",1,1,1,1,39150,1,1,1,NA,0,"08"
"08001",1,1,1,4,39168,1,1,1,NA,0,"08"
"08001",1,1,6,3,39183,1,1,1,NA,0,"08"
"08001",2,1,1,6,39186,1,1,1,NA,0,"08"
"08758",2,1,2,2,39202,1,1,1,NA,0,"08"
"08001",1,1,1,5,39209,1,1,1,NA,0,"08"
"08001",1,1,1,4,39223,1,1,1,NA,0,"08"
"08001",1,1,6,3,39247,1,1,1,NA,0,"08"
"08001",1,1,1,2,39253,1,1,1,NA,0,"08"
"08001",2,1,6,3,39254,1,1,1,NA,0,"08"
"08758",2,1,2,4,39257,1,1,1,NA,0,"08"
"08001",2,1,1,4,39261,1,1,1,NA,0,"08"
"08001",2,1,1,4,39280,1,1,1,NA,0,"08"
"08758",2,1,2,3,39290,1,1,1,NA,0,"08"
"08001",1,1,6,2,39292,1,1,1,NA,0,"08"
"08001",1,1,1,5,39301,1,1,1,NA,0,"08"
"08758",2,1,2,5,39305,1,1,1,NA,0,"08"
"08001",2,1,1,4,39310,1,1,1,NA,0,"08"
"08001",2,1,1,5,39405,1,1,1,NA,0,"08"
"08001",2,1,1,5,39421,1,1,1,NA,0,"08"
"08758",1,1,1,5,39439,1,1,1,NA,0,"08"
"08001",2,1,1,1,39476,1,1,1,NA,0,"08"
"08001",2,1,1,3,39477,1,1,1,NA,0,"08"
"08758",1,1,1,5,39483,1,1,1,NA,0,"08"
"08001",1,1,1,3,39493,1,1,1,NA,0,"08"
"08001",2,1,1,2,39509,1,1,1,NA,0,"08"
"08001",1,1,3,11,39523,1,1,1,NA,0,"08"
"08001",1,1,1,3,39527,1,1,1,NA,0,"08"
"08001",2,1,1,3,39530,1,1,1,NA,0,"08"
"08001",2,1,1,5,39548,1,1,1,NA,0,"08"
"08758",1,1,2,3,39557,1,1,1,NA,0,"08"
"08001",1,1,1,6,39560,1,1,1,NA,0,"08"
"08001",1,1,3,3,39564,1,1,1,NA,0,"08"
"08758",1,1,1,4,39567,1,1,1,NA,0,"08"
"08001",1,1,1,5,39587,1,1,1,NA,0,"08"
"08001",2,1,3,2,39588,1,1,1,NA,0,"08"
"08001",1,1,1,5,39591,1,1,1,NA,0,"08"
"08758",1,1,2,3,39594,1,1,1,NA,0,"08"
"08758",1,1,1,7,39603,1,1,1,NA,0,"08"
"08001",1,1,3,3,39609,1,1,1,NA,0,"08"
"08001",2,1,1,8,39610,1,1,1,NA,0,"08"
"08001",2,1,1,3,39615,1,1,1,NA,0,"08"
"08758",2,1,2,8,39622,1,1,1,NA,0,"08"
"08001",2,1,3,3,39638,1,1,1,NA,0,"08"
"08001",1,1,1,5,39644,1,1,1,NA,0,"08"
"08758",2,1,1,2,39651,1,1,1,NA,0,"08"
"08001",1,1,1,3,39652,1,1,1,NA,0,"08"
"08758",1,1,1,1,39673,1,1,1,NA,0,"08"
"08001",2,1,3,4,39676,1,1,1,NA,0,"08"
"08001",2,1,1,4,39678,1,1,1,NA,0,"08"
"08758",1,1,2,5,39698,1,1,1,NA,0,"08"
"08001",2,1,1,4,39712,1,1,1,NA,0,"08"
"08758",1,1,1,5,39715,1,1,1,NA,0,"08"
"08758",1,1,1,4,39724,1,1,1,NA,0,"08"
"08758",1,1,1,11,39735,1,1,1,NA,0,"08"
"08758",1,1,1,12,39741,1,1,1,NA,0,"08"
"08001",2,1,3,5,39751,1,1,1,NA,0,"08"
"08001",2,1,1,4,39754,1,1,1,NA,0,"08"
"08758",1,1,2,3,39755,1,1,1,NA,0,"08"
"08001",2,1,4,5,39772,1,1,1,NA,0,"08"
"08001",1,1,4,3,39790,1,1,1,NA,0,"08"
"08001",1,1,3,2,39797,1,1,1,NA,0,"08"
"08001",2,1,1,5,39810,1,1,1,NA,0,"08"
"08001",2,1,4,2,39817,1,1,1,NA,0,"08"
"08001",1,1,3,6,39819,1,1,1,NA,0,"08"
"08001",2,1,1,6,39833,1,1,1,NA,0,"08"
"08001",2,1,1,7,39861,1,1,1,NA,0,"08"
"08001",2,1,3,5,39872,1,1,1,NA,0,"08"
"08001",2,1,3,3,39879,1,1,1,NA,0,"08"
"08001",2,1,3,2,39995,1,1,1,NA,0,"08"
"08001",2,1,1,6,40122,1,1,1,NA,0,"08"
"08001",1,1,1,3,40190,1,1,1,NA,0,"08"
"08001",2,1,1,3,40270,1,1,1,NA,0,"08"
"08001",2,1,4,1,40281,1,1,1,NA,0,"08"
"08001",1,1,1,4,40306,1,1,1,NA,0,"08"
"08001",2,1,1,4,40323,1,1,1,NA,0,"08"
"08001",2,1,4,4,40327,1,1,1,NA,0,"08"
"08001",2,1,1,9,40337,1,1,1,NA,0,"08"
"08001",2,1,4,2,40363,1,1,1,NA,0,"08"
"08001",1,1,3,3,40387,1,1,1,NA,0,"08"
"08001",2,1,4,2,40399,1,1,1,NA,0,"08"
"08001",2,1,1,6,40407,1,1,1,NA,0,"08"
"08758",1,1,2,4,40425,1,1,1,NA,0,"08"
"08001",1,1,3,4,40457,1,1,1,NA,0,"08"
"08001",1,1,1,12,40472,1,1,1,NA,0,"08"
"08001",2,1,5,2,40528,1,1,1,NA,0,"08"
"08001",2,1,3,4,40549,1,1,1,NA,0,"08"
"08001",2,1,5,1,40570,1,1,1,NA,0,"08"
"08758",2,1,2,2,40683,1,1,1,NA,0,"08"
"08001",2,1,5,5,40747,1,1,1,NA,0,"08"
"08758",2,1,2,3,40760,1,1,1,NA,0,"08"
"08001",2,1,4,1,40789,1,1,1,NA,0,"08"
"08758",1,1,2,4,40797,1,1,1,NA,0,"08"
"08001",2,1,4,4,40825,1,1,1,NA,0,"08"
"08758",1,1,2,5,40838,1,1,1,NA,0,"08"
"08001",2,1,5,3,40844,1,1,1,NA,0,"08"
"08001",2,1,5,2,40889,1,1,1,NA,0,"08"
"08001",2,1,4,2,40897,1,1,1,NA,0,"08"
"08001",2,1,4,2,40931,1,1,1,NA,0,"08"
"08001",2,1,5,2,40939,1,1,1,NA,0,"08"
"08001",2,1,5,3,40965,1,1,1,NA,0,"08"
"08001",2,1,5,2,41006,1,1,1,NA,0,"08"
"08758",2,1,2,4,41024,1,1,1,NA,0,"08"
"08758",2,1,2,5,41064,1,1,1,NA,0,"08"
"08758",1,1,1,2,41073,1,1,1,NA,0,"08"
"08758",2,1,1,5,41084,1,1,1,NA,0,"08"
"08758",1,1,2,2,41155,1,1,1,NA,0,"08"
"08758",1,1,2,3,41186,1,1,1,NA,0,"08"
"08758",1,1,2,4,41207,1,1,1,NA,0,"08"
"08001",2,1,2,3,41258,1,1,1,NA,0,"08"
"08001",1,1,2,4,41284,1,1,1,NA,0,"08"
"08001",1,1,2,9,41300,1,1,1,NA,0,"08"
"08001",1,1,2,9,41304,1,1,1,NA,0,"08"
"08758",2,1,2,3,41442,1,1,1,NA,0,"08"
"08001",2,1,4,3,41532,1,1,1,NA,0,"08"
"08001",2,1,2,1,41538,1,1,1,NA,0,"08"
"08758",2,1,1,4,41554,1,1,1,NA,0,"08"
"08001",1,1,5,3,41594,1,1,1,NA,0,"08"
"08001",2,1,5,2,41595,1,1,1,NA,0,"08"
"08001",1,1,5,4,41659,1,1,1,NA,0,"08"
"08758",2,1,1,5,41663,1,1,1,NA,0,"08"
"08001",2,1,5,2,41699,1,1,1,NA,0,"08"
"08001",1,1,5,7,41871,1,1,1,NA,0,"08"
"08001",2,1,5,4,41914,1,1,1,NA,0,"08"
"08001",1,1,5,5,41926,1,1,1,NA,0,"08"
"08001",2,1,5,8,41931,1,1,1,NA,0,"08"
"08001",2,1,5,4,41935,1,1,1,NA,0,"08"
"08001",2,1,5,4,41939,1,1,1,NA,0,"08"
"08001",1,1,6,5,42057,1,1,1,NA,0,"08"
"08001",1,1,6,4,42113,1,1,1,NA,0,"08"
"08001",1,1,2,3,42123,1,1,1,NA,0,"08"
"08001",1,1,2,3,42167,1,1,1,NA,0,"08"
"08001",1,1,6,3,42175,1,1,1,NA,0,"08"
"08001",2,1,1,3,42189,1,1,1,NA,0,"08"
"08001",1,1,6,4,42730,1,1,1,NA,0,"08"
"08001",1,1,6,3,42732,1,1,1,NA,0,"08"
"08001",1,1,6,5,42734,1,1,1,NA,0,"08"
"08001",1,1,6,6,42736,1,1,1,NA,0,"08"
"08001",1,1,6,5,42738,1,1,1,NA,0,"08"
"08001",1,1,6,4,42739,1,1,1,NA,0,"08"
"08001",1,1,6,3,42741,1,1,1,NA,0,"08"
"08001",2,1,2,1,42941,1,1,1,NA,0,"08"
"08001",1,1,3,4,43023,1,1,1,NA,0,"08"
"08001",1,1,3,4,43084,1,1,1,NA,0,"08"
"08001",2,1,3,2,43093,1,1,1,NA,0,"08"
"08001",2,1,1,2,43143,1,1,1,NA,0,"08"
"08001",2,1,3,5,43151,1,1,1,NA,0,"08"
"08001",1,1,4,4,43213,1,1,1,NA,0,"08"
"08001",2,1,1,2,43234,1,1,1,NA,0,"08"
"08001",1,1,3,5,43314,1,1,1,NA,0,"08"
"08001",2,1,1,6,43333,1,1,1,NA,0,"08"
"08001",2,1,3,3,43362,1,1,1,NA,0,"08"
"08001",1,1,2,4,43373,1,1,1,NA,0,"08"
"08001",1,1,2,3,43640,1,1,1,NA,0,"08"
"08758",1,1,2,3,43651,1,1,1,NA,0,"08"
"08758",1,1,1,3,43695,1,1,1,NA,0,"08"
"08001",2,1,6,3,43713,1,1,1,NA,0,"08"
"08758",2,1,1,4,43726,1,1,1,NA,0,"08"
"08001",2,1,6,3,43762,1,1,1,NA,0,"08"
"08758",1,1,2,4,43793,1,1,1,NA,0,"08"
"08001",2,1,6,1,43815,1,1,1,NA,0,"08"
"08758",1,1,2,4,43870,1,1,1,NA,0,"08"
"08001",2,1,6,5,43971,1,1,1,NA,0,"08"
"08001",2,1,6,3,44017,1,1,1,NA,0,"08"
"08001",1,1,6,6,44061,1,1,1,NA,0,"08"
"08758",1,1,1,5,44103,1,1,1,NA,0,"08"
"08758",1,1,1,5,44134,1,1,1,NA,0,"08"
"08758",2,1,1,3,44167,1,1,1,NA,0,"08"
"08758",2,1,1,4,44202,1,1,1,NA,0,"08"
"08758",2,1,1,6,44227,1,1,1,NA,0,"08"
"08001",2,1,2,4,44370,1,1,1,NA,0,"08"
"08001",2,1,2,4,44396,1,1,1,NA,0,"08"
"08001",2,1,2,2,44402,1,1,1,NA,0,"08"
"08001",2,1,2,5,44411,1,1,1,NA,0,"08"
"08001",1,1,3,5,44457,1,1,1,NA,0,"08"
"08001",1,1,3,5,44507,1,1,1,NA,0,"08"
"08001",1,1,3,4,44589,1,1,1,NA,0,"08"
"08001",2,1,4,1,44595,1,1,1,NA,0,"08"
"08001",1,1,3,3,44623,1,1,1,NA,0,"08"
"08001",2,1,4,2,44628,1,1,1,NA,0,"08"
"08001",2,1,1,3,44640,1,1,1,NA,0,"08"
"08001",1,1,1,3,44677,1,1,1,NA,0,"08"
"08001",2,1,4,2,44689,1,1,1,NA,0,"08"
"08001",1,1,3,4,44722,1,1,1,NA,0,"08"
"08001",2,1,4,1,44723,1,1,1,NA,0,"08"
"08001",1,1,1,8,44758,1,1,1,NA,0,"08"
"08001",1,1,1,6,44952,1,1,1,NA,0,"08"
"08001",2,1,4,4,44982,1,1,1,NA,0,"08"
"08001",1,1,4,7,45013,1,1,1,NA,0,"08"
"08001",1,1,1,3,45014,1,1,1,NA,0,"08"
"08001",1,1,4,1,45063,1,1,1,NA,0,"08"
"08001",2,1,4,3,45074,1,1,1,NA,0,"08"
"08001",2,1,4,3,45109,1,1,1,NA,0,"08"
"08001",2,1,4,4,45124,1,1,1,NA,0,"08"
"08001",2,1,4,1,45138,1,1,1,NA,0,"08"
"08001",2,1,4,4,45149,1,1,1,NA,0,"08"
"08001",2,1,4,2,45151,1,1,1,NA,0,"08"
"08001",1,1,5,2,45268,1,1,1,NA,0,"08"
"08001",2,1,5,2,45309,1,1,1,NA,0,"08"
"08001",1,1,5,6,45328,1,1,1,NA,0,"08"
"08001",1,1,5,5,45350,1,1,1,NA,0,"08"
"08001",1,1,6,2,45411,1,1,1,NA,0,"08"
"08001",1,1,6,5,45448,1,1,1,NA,0,"08"
"08758",2,1,1,3,45469,1,1,1,NA,0,"08"
"08758",2,1,1,3,45484,1,1,1,NA,0,"08"
"08001",2,1,3,2,45486,1,1,1,NA,0,"08"
"08001",2,1,3,3,45504,1,1,1,NA,0,"08"
"08758",2,1,1,4,45514,1,1,1,NA,0,"08"
"08758",2,1,1,1,45530,1,1,1,NA,0,"08"
"08758",2,1,1,2,45539,1,1,1,NA,0,"08"
"08758",2,1,1,2,45557,1,1,1,NA,0,"08"
"08001",1,1,6,1,45563,1,1,1,NA,0,"08"
"08001",1,1,6,1,45582,1,1,1,NA,0,"08"
"08001",2,1,6,2,45600,1,1,1,NA,0,"08"
"08001",2,1,6,5,45604,1,1,1,NA,0,"08"
"08001",2,1,6,4,45621,1,1,1,NA,0,"08"
"08001",2,1,6,2,45645,1,1,1,NA,0,"08"
"08001",2,1,6,3,45664,1,1,1,NA,0,"08"
"08001",1,1,6,3,45716,1,1,1,NA,0,"08"
"08001",1,1,6,5,45733,1,1,1,NA,0,"08"
"08001",2,1,6,3,45977,1,1,1,NA,0,"08"
"08001",2,1,6,2,46000,1,1,1,NA,0,"08"
"08001",2,1,6,2,46015,1,1,1,NA,0,"08"
"08001",2,1,6,4,46030,1,1,1,NA,0,"08"
"08001",2,1,6,2,46050,1,1,1,NA,0,"08"
"08758",1,1,2,10,46342,1,1,1,NA,0,"08"
"08758",1,1,2,7,46408,1,1,1,NA,0,"08"
"08758",1,1,2,7,46467,1,1,1,NA,0,"08"
"08758",1,1,2,5,46557,1,1,1,NA,0,"08"
"08758",1,1,2,4,46600,1,1,1,NA,0,"08"
"08758",2,1,2,4,46615,1,1,1,NA,0,"08"
"08758",1,1,2,4,46734,1,1,1,NA,0,"08"
"08758",1,1,2,4,46768,1,1,1,NA,0,"08"
"08758",1,1,2,4,46780,1,1,1,NA,0,"08"
"08758",2,1,2,3,46797,1,1,1,NA,0,"08"
"08758",1,1,2,3,46812,1,1,1,NA,0,"08"
"08758",1,1,2,3,46826,1,1,1,NA,0,"08"
"08758",2,1,2,3,46840,1,1,1,NA,0,"08"
"08758",1,1,2,3,46862,1,1,1,NA,0,"08"
"08758",1,1,2,3,46892,1,1,1,NA,0,"08"
"08758",1,1,2,2,46912,1,1,1,NA,0,"08"
"08758",1,1,2,1,46933,1,1,1,NA,0,"08"
